,BIC,AccountNumber,CTRYbnk,Name,Address,IsShared,Holder
0,VXRBGMMA,FR5276695355388027670927821,GM,Kramer AG,,0,Kramer AG & Co. KG
1,VAEAKZOU,IT87J5664392582322577074471,KZ,Jackson LTD,Lake Dawnton GB,0,Jackson Ltd
2,TXSWBYVL,IT67O0039619392463599037571,BY,Cianciolo.,,0,Cianciolo SPA
3,KTBYPLRU,NL93RIXK4457375003,PL,van Noordeloos & Groote,,1,van Noordeloos & Groote
4,KTBYPLRU,NL93RIXK4457375003,PL,Huijbrechts BV,,1,Huijbrechts BV
5,VRMAMQQM,GB85FGRT98992156881521,MQ,Banca Privada y asociados S.Coop.,-- - -,0,Banca Privada Menendez y asociados S.Coop.
6,XOTKGYPU,DE79948336439004983099,GY,Pulci Molesini s.r.l.,Viale Elmo  Bagnarola,0,Pulci-Molesini s.r.l.
7,KCCJGRQA,NL91OSID1347994810,GR,Smith and Sons,,1,Smith and Sons
8,KCCJGRQA,NL91OSID1347994810,GR,"Lopez, Moore",,1,"Lopez, Moore and Nelson"
9,KCCJGRQA,NL91OSID1347994810,GR,"Mays, Davila and Jacobs",,1,"Mays, Davila and Jacobs"
10,DDZRETVY,GB98GCQP36259472460760,ET,"Holmes, Griffiths Inds Shah",,1,"Holmes, Griffiths and Shah"
11,DDZRETVY,GB98GCQP36259472460760,ET,Byrne-Spencer,,1,Byrne-Spencer
12,VDKMNAIJ,GB77AGXX17548198729417,NA,"Lowe, Owens.",,1,"Lowe, Owens and Turner"
13,VDKMNAIJ,GB77AGXX17548198729417,NA,"Lloyd, Noble and Chapman",Curtisville United Kingdom,1,"Lloyd, Noble and Chapman"
14,SAPFGQYE,IT25M9923844593032135802874,GQ,Otto GmbH & Co. KG,"Ruth-Dörr-Weg-FallingbostelFallingbostel,Gerany",0,Otto GmbH & Co. KG
15,AEPOKMRC,DE39105279849154777597,KM,"Scott, Savage",,0,"Scott, Savage and King"
16,YOIBBAOB,ES4364136688173432140058,BA,Adriaansen & Stamrood,,1,Adriaansen & Stamrood
17,YOIBBAOB,ES4364136688173432140058,BA,Royal de S.A. -  Fleche,Wormer,1,Royal de la Fleche
18,YOIBBAOB,ES4364136688173432140058,BA,Spruyt. NV. SPA,Katestraat Strijensas/Strijensas Netherlands,1,Spruyt NV
19,UKYHMYTM,DE86361979670190604686,MY,Hardy PLC,,1,Hardy PLC
20,UKYHMYTM,DE86361979670190604686,MY,"Ford, Warren",United Kingdom,1,"Ford, Warren and Bailey"
21,ZYWCBAOL,ES6248897443301939935692,BA,Kostolzin KGaA,,0,Kostolzin KGaA
22,TYAKQAUB,DE80490737470834056137,QA,Kusch Albers GmbH &,,1,Kusch Albers GmbH & Co. KGaA
23,TYAKQAUB,DE80490737470834056137,QA,Trapp GmbH & Co. KG,Nohlmansgasse 3/3  50352  emmin,1,Trapp GmbH & Co. KG
24,TYAKQAUB,DE80490737470834056137,QA,Hahn Schüler AG & Co. KG,,1,Hahn Schüler AG & Co. KG
25,CBMDSYSS,DE74268322245102980706,SY,"Necci, Stein e Totino s.r.l.",Bertonico,1,"Necci, Stein e Totino s.r.l."
26,CBMDSYSS,DE74268322245102980706,SY,"Antonini, Peranda e Parri SPA",20139/Milano,1,"Antonini, Peranda e Parri SPA"
27,CBMDSYSS,DE74268322245102980706,SY,"Balla, Cossiga e Pezzali s.r.l.",Italia,1,"Balla, Cossiga e Pezzali s.r.l."
28,KFLBBYDA,FR7816049075143661667920472,BY,Martinair,,1,Martinair
29,KFLBBYDA,FR7816049075143661667920472,BY,Koninklijke Sprong,Velsen-NoordSophiaboulevard Velsen-Noord,1,Koninklijke Sprong
30,SDLPAZLR,NL16ZTLI3825683296,AZ,Olmedo y S.Com.,18716 Lugo,0,Olmedo y Ariza S.Com.
31,ICVYGSKP,GB31MYAD96611454716570,GS,"Lima,Costela S.a.",,1,Lima Costela S/A
32,ICVYGSKP,GB31MYAD96611454716570,GS,Nascimento Ltda.,,1,Nascimento Ltda.
33,ICVYGSKP,GB31MYAD96611454716570,GS,da Luz - EI,Petropolis Brazil,1,da Luz - EI
34,ICVYGSKP,GB31MYAD96611454716570,GS,Dias- Limited,"Pátio Bruno Rodrigues-60 Urca,73841-741 Araújo  SC",1,Dias
35,CGTMPFZS,ES8744634566153436086120,PF,Wähner,# # ##,1,Wähner
36,CGTMPFZS,ES8744634566153436086120,PF,Spieß,SchleizFiliz-Pölitz-Straße Schleiz,1,Spieß
37,CGTMPFZS,ES8744634566153436086120,PF,Barkholz Röhricht AG & Co. KG,,1,Barkholz Röhricht AG & Co. KG
38,CGTMPFZS,ES8744634566153436086120,PF,Röhrdanz KG,Bekir-Stadelmann-Straße Uelzen  Uelzen  Germany,1,Röhrdanz KG
39,GLUTMKBM,NL55CGQQ5716005517,MK,Blanc.et,,0,Blanchet
40,EVDNBGAI,GB45WPZH90947734208615,BG,Bell Middleton,,0,Bell-Middleton
41,FXYHEHFI,IT45X3048108720333370046808,EH,The Greenery,Vajènpad  SpaubeekSpaubeek NL,1,The Greenery
42,FXYHEHFI,IT45X3048108720333370046808,EH,AC Restaurants,,1,AC Restaurants
43,KNPQSAYB,IT05Y1230965283471140727414,SA,May-Williams,,1,May-Williams
44,KNPQSAYB,IT05Y1230965283471140727414,SA,Wilkins-Cooke,,1,Wilkins-Cooke
45,KNPQSAYB,IT05Y1230965283471140727414,SA,Miller-Davies,,1,Miller-Davies
46,KZJJMQEJ,FR7201765586854517313927311,MQ,"Fox, Miller and Robinson",Charlene lightsFroststad United Kingdom,1,"Fox, Miller and Robinson"
47,KZJJMQEJ,FR7201765586854517313927311,MQ,"Wilson, Parry and Jones",,1,"Wilson, Parry and Jones"
48,KZJJMQEJ,FR7201765586854517313927311,MQ,"Vincent, Heath and Smith",Lewis prairie/Allanboroug GB,1,"Vincent, Heath and Smith"
49,APPCCUAA,IT22M4514382937974267272142,CU,Aubert S.A.,,0,Aubert S.A.
50,HHSTPWRG,ES6556821502545279560994,PW,Oemencs .& Schatteleijn,,0,Oemencs & Schatteleijn
51,WNBFECGD,GB02JTOX84304229382577,EC,Lima Caldeira e .Filhos,,0,Lima Caldeira e Filhos
52,CXFNISHC,GB75EFXL74403338653690,IS,Supermercados - RUD,08424 Pasaje de Edmundo Novoa 69 Puerta-Tarragona,0,Supermercados RUD S.Coop.
53,HAZQCYSR,GB41GFBN47361005192077,CY,Morgan Murphy,_,0,Morgan-Murphy
54,HXJFGROK,IT33C9281991543549918512704,GR,Lippomano S.P.A. S.C.A.R.L,Romanengo,0,Lippomano SPA
55,RRBXLSCJ,GB25BMBF87809567492447,LS,Knappe Tintzmann AG,Hildesheim DE,0,Knappe Tintzmann AG
56,RDLKASJV,IT45A7422800485849659488688,AS,"Roman, Brooks and Willis",Thomas Island 624 12546  Wolfborough IN-United States,1,"Roman, Brooks and Willis"
57,RDLKASJV,IT45A7422800485849659488688,AS,Arnold PLC,,1,Arnold PLC
58,GSHJTDYV,ES7953051797587316025194,TD,Farias SA,,0,Farias S/A
59,DNEQARX0,IT61J3159977494091174836342,AR,Consultoría Castellana S.C,Murcia ES,0,Consultoría Castellana S.C.P
60,RGHKZMKU,GB22OGOT72936591017424,ZM,Risma.& Peeters,,0,Risma & Peeters
61,QRAZBBOH,DE51615839447131174725,BB,Besson  S.A.R.L..,,1,Besson S.A.R.L.
62,QRAZBBOH,DE51615839447131174725,BB,Masson Charrier S.A.R.L.,Marie-sur-Mer FR,1,Masson Charrier S.A.R.L.
63,VCMVSSUB,DE39615049584491465164,SS,"Prince, Branch and Caldwell","Wong Village Suite 939 2956 63516 Ne Stacyfurt,VIUnited States",1,"Prince, Branch and Caldwell"
64,VCMVSSUB,DE39615049584491465164,SS,Williams-Garcia,United States,1,Williams-Garcia
65,KANNDMOL,GB37GWLS97251618641204,DM,Koninklijke- van Breukelveen,9570 PN Oostrwolde,0,Koninklijke van Breukelveen
66,UPVDIRHE,ES6006301226623764330616,IR,Coulon Le Goff S.A.R.L.,#  # #,1,Coulon Le Goff S.A.R.L.
67,UPVDIRHE,ES6006301226623764330616,IR,Ribeiro Pottier SARL,,1,Ribeiro Pottier SARL
68,BHOJBAUG,FR2869032136756450340568043,BA,Conrado Leiva Sevillano,,0,Conrado Leiva Sevillano S.C.P
69,BECFETQY,ES3014104697387336867966,ET,Industrias Quintero y - asociados SC,Spain,1,Industrias Quintero y asociados S.L.
70,BECFETQY,ES3014104697387336867966,ET,Grupo Cabañas S.L.,,1,Grupo Cabañas S.L.
71,MBYZTOEE,DE72556316060443021452,TO,"Badoglio, Filippini e Tiepolo S.P.A.",Stretto Briccialdi Piano 5 Massimeno  TN IT,1,"Badoglio, Filippini e Tiepolo SPA"
72,MBYZTOEE,DE72556316060443021452,TO,"Morellato, Caccioppoli e Polizzi Group",,1,"Morellato, Caccioppoli e Polizzi Group"
73,VYWBNFFJ,NL50SBAW1410310701,NF,Budig Public Ltd.,"Guenter-Junitz-Ring  Riesa Riesa,DE",0,Budig
74,XAFHVAEH,NL12HDVK4539563315,VA,Harrington Ind.-Ltée,,0,Harrington Inc
75,VQXIMDMP,DE47486546643563244630,MD,Butler Blake,Carolmouth United Kingdom,0,Butler-Blake
76,FFTMTKAC,ES1528725852307151088812,TK,Cadorna - Tolentino Group Pvt. Ltd.,,0,Cadorna-Tolentino Group
77,DKQBIRIE,IT76C8437596251270214804861,IR,Melo e Filhos,,0,Melo e Filhos
78,QDATMWYV,ES5356093595609794503690,MW,Nogueira S.A.,,1,Nogueira S.A.
79,QDATMWYV,ES5356093595609794503690,MW,Cavalcanti Azevedo - ME,,1,Cavalcanti Azevedo - ME
80,IZMLTWHT,IT42T5441871365832487761455,TW,Vasseur,,1,Vasseur
81,IZMLTWHT,IT42T5441871365832487761455,TW,Munoz  SPA,,1,Munoz
82,HKIMVUGI,NL91XCVN0711786868,VU,Dueñas y Montenegro S.A.,Spain,1,Dueñas y Montenegro S.A.
83,HKIMVUGI,NL91XCVN0711786868,VU,Ballester y Ramis S.A.T.,,1,Ballester y Ramis S.A.T.
84,FINDCKSD,DE22112512635995279184,CK,Paul - S.C.A.R.L. S.A.,3 BarbeBourg/avenue Goncalves-BarbeBourg,0,Paul S.A.R.L.
85,AVLPLIAN,GB91EBWG28716004067232,LI,Fábrica Velázquez & Asociados S.A.,Ciudad,1,Fábrica Velázquez & Asociados S.A.
86,AVLPLIAN,GB91EBWG28716004067232,LI,Miguela Albero Téllez S.Com.,,1,Miguela Albero Téllez S.Com.
87,AVLPLIAN,GB91EBWG28716004067232,LI,Gutiérrez y Escobar S.L.U.,,1,Gutiérrez y Escobar S.L.U.
88,AVLPLIAN,GB91EBWG28716004067232,LI,Hnos Bolaños S.Coop.,,1,Hnos Bolaños S.Coop.
89,MRJSDOVL,GB69SBIN13345141625400,DO,Eutropio Mora Montalbán S.Coop.,,1,Eutropio Mora Montalbán S.Coop.
90,MRJSDOVL,GB69SBIN13345141625400,DO,Industrias,,1,Industrias Mas & Asociados S.L.U.
91,MRJSDOVL,GB69SBIN13345141625400,DO,Tecnologías Alberola S.Com.,23932 Álava,1,Tecnologías Alberola S.Com.
92,IDGQVICG,IT89D9477845654072580715464,VI,Silveira,,0,Silveira
93,EEJRASPC,FR4413936696171771756086290,AS,Center Parcs,Milheeze NL,1,Center Parcs
94,EEJRASPC,FR4413936696171771756086290,AS,Stamrood & Kleybrink,,1,Stamrood & Kleybrink
95,EVOLFOCV,GB29NSOA37631298508276,FO,Águeda Maestre Sanmartín S.Coop.,,1,Águeda Maestre Sanmartín S.Coop.
96,EVOLFOCV,GB29NSOA37631298508276,FO,Consultoría Globales S.Coop.,,1,Consultoría Globales S.Coop.
97,NRAPCFV0,NL18OXSO2726387518,CF,"Villegas, Moore and Carpenter",,1,"Villegas, Moore and Carpenter"
98,NRAPCFV0,NL18OXSO2726387518,CF,"Fernandez, Walsh and Evans",,1,"Fernandez, Walsh and Evans"
99,ULDLSDBZ,GB51DMIP27303540585231,SD,Rosendo Arana Nadal S.Com.,,1,Rosendo Arana Nadal S.Com.
100,ULDLSDBZ,GB51DMIP27303540585231,SD,Hnos Salvà S.L.N.E,Rambla de Florentina Alemany9  Zamor/10180,1,Hnos Salvà S.L.N.E
101,ULDLSDBZ,GB51DMIP27303540585231,SD,Hermanos Tejedor,Callejón de José Luis Prats 327 Piso  18121 Cuenca Spain,1,Hermanos Tejedor S.L.
102,ULDLSDBZ,GB51DMIP27303540585231,SD,Hnos  Sebastián S.Com.,Guipúzcoa ES,1,Hnos Sebastián S.Com.
103,OCNOGAM0,FR3652645307962280849552950,GA,Aragão - ME,41511-101 da Cunha do Sul Vila Nova,1,Aragão - ME
104,OCNOGAM0,FR3652645307962280849552950,GA,Costela e Filhos,Brazil,1,Costela e Filhos
105,ZUGYSRUS,DE61813720195607857553,SR,Freitas,"Qudra Novaes,PA Pirineus (PA)  BR",0,Freitas
106,KNJPMRAB,IT11N5313739936197885849671,MR,Blin Maillet et Fils,,0,Blin Maillet et Fils
107,LBGXSCON,ES8377757276982919023736,SC,Vargas y Guzman S.A.,,1,Vargas y Guzman S.A.
108,LBGXSCON,ES8377757276982919023736,SC,Portero y Sarmiento S.A.,Albacete,1,Portero y Sarmiento S.A.
109,WCWDHUFW,NL47OHUJ8253703875,HU,Porto Mendes e Filhos,,1,Porto Mendes e Filhos
110,WCWDHUFW,NL47OHUJ8253703875,HU,Souza - ME,,1,Souza - ME
111,BSFLPYIG,NL10SLYS9371979095,PY,Flink & Schilt,,1,Flink & Schilt
112,BSFLPYIG,NL10SLYS9371979095,PY,Royal van der Avoirt,5763 BM-Loosrecht,1,Royal van der Avoirt
113,IGVBJPG2,ES8216150399830116087285,JP,Begum-Slater,,1,Begum-Slater
114,IGVBJPG2,ES8216150399830116087285,JP,Price LLC,West Trevorfurt GB,1,Price LLC
115,ZUWCSXR1,GB82IIED37630626260432,SX,"Burgess,- Hammond",,0,"Burgess, Hammond and Davies"
116,OCEQTVPR,FR8302706525551180743061827,TV,Conradi Rosemann GmbH & Co. OHG,,0,Conradi Rosemann GmbH & Co. OHG
117,CBARAIZJ,DE17476730672265302456,AI,Dup.  é,,0,Dupré
118,LWMXLYI1,NL68MLGL7704348876,LY,Bryant-Gough,Abbie street Jenkinsmouth  United Kingdm,1,Bryant-Gough
119,LWMXLYI1,NL68MLGL7704348876,LY,Mann and Sons,,1,Mann and Sons
120,QGJPZAYI,ES9772170774818922074298,ZA,Charpentier SA,42 rue de Blanc  55975 GuérinBourg,0,Charpentier
121,ZJLIBHSS,FR4295669209936959558460036,BH,Harris and Sons,East Kimberlyview US,1,Harris and Sons
122,ZJLIBHSS,FR4295669209936959558460036,BH,Barker-Allen,,1,Barker-Allen
123,LRBKNOWP,NL15VPZX0556293944,NO,AkzoNobel Services,Aadorp Netherlands,0,AkzoNobel
124,GQMZIROJ,GB23MNRL58763506187161,IR,Peron/,rue de Gomes  3 MartelBourg/MartelBourg-France,0,Peron SA
125,MEHXMZPR,ES7930624709754603623899,MZ,Klotz GbR Grp,,0,Klotz GbR
126,FKNBMSXW,GB70BFBH00034610897956,MS,Richardson Price S.D.F.,,0,Richardson-Price
127,RMWGKRU2,GB80TEOR56475739138581,KR,Moura e Filhos,,1,Moura e Filhos
128,RMWGKRU2,GB80TEOR56475739138581,KR,Barbosa,,1,Barbosa
129,PLTOSAPY,ES7998833282587568971744,SA,Taylor LLC,,1,Taylor LLC
130,PLTOSAPY,ES7998833282587568971744,SA,George Inc,,1,George Inc
131,TFTCDEMS,ES1903226813973661782788,DE,Bigot,,0,Bigot S.A.
132,FGEMETQU,NL12CREX9047502490,ET,Antúnez y Franco,,0,Antúnez y Franco S.Coop.
133,UNHQGDOY,IT45H3496554731675328940402,GD,Gonzalez-Moore,390 40279 Jefrey Glen/ort Joshua,1,Gonzalez-Moore
134,UNHQGDOY,IT45H3496554731675328940402,GD,Newton Long,,1,Newton-Long
135,UNHQGDOY,IT45H3496554731675328940402,GD,Meyers Group,- -  -,1,Meyers Group
136,UNHQGDOY,IT45H3496554731675328940402,GD,Griffith Inc,,1,Griffith Inc
137,PGIEFMRP,IT98E4893978455761953446537,FM,"Parmitano, Pisani e Vendetti Grp",,0,"Parmitano, Pisani e Vendetti Group"
138,PIDPVEHP,DE53049834325867378006,VE,Vallée,,0,Vallée
139,TTCPLBDN,GB71DNHL66757098376098,LB,Mayte Bartolomé S.Com.,_ _ __,0,Mayte Bartolomé Ricart S.Com.
140,SKNECCFZ,ES3105602526197752999885,CC,Rocha Corp,,1,Rocha
141,SKNECCFZ,ES3105602526197752999885,CC,Santos,ES  Viaduto Raquel Alves Independência,1,Santos
142,SKNECCFZ,ES3105602526197752999885,CC,Fernandes - EI,,1,Fernandes - EI
143,ITYZINRF,NL76GYYC4202431743,IN,Hill-Green,Kelly Branch Apt. 568 5277 75858/Frzierbury(KS) United States,1,Hill-Green
144,ITYZINRF,NL76GYYC4202431743,IN,Harris Inds Sons,United States,1,Harris and Sons
145,ITYZINRF,NL76GYYC4202431743,IN,"Diaz, Johnson Inds Sexton",United States,1,"Diaz, Johnson and Sexton"
146,FBYNNRKE,ES3050938942154855936252,NR,de Koning  Gp.,,0,de Koning Groep
147,FOLEUARN,IT50U1658925327465701833416,UA,van 't Houteveen & Arent,,0,van 't Houteveen & Arent
148,SHLMTNXR,DE29787591815491914343,TN,van Embden BV,& & &&,0,van Embden BV
149,GJLNISHN,IT44V0318569917699497348623,IS,Aureliano.Soria Pastor/,,0,Aureliano Soria Pastor S.A.D
150,XFUCTZHZ,IT86E4029614467795496819884,TZ,Winnrich Groep,,0,Winnrich Groep
151,OWOBCZWQ,ES3424182073925567552587,CZ,Cunha,,0,Cunha
152,PNJBALDP,IT66N1472259011389798935750,AL,Benson-Hancock,,1,Benson-Hancock
153,PNJBALDP,IT66N1472259011389798935750,AL,Lane-Turner,,1,Lane-Turner
154,FAIMGPTQ,IT73E3897753216657866708315,GP,Despacho - Blanca - S.L.U.,,0,Despacho Blanca S.L.U.
155,CIYLBOTV,ES5158898069835526029224,BO,Cerdán y Reyes S.L.L.,Cañada Saturnina Valdés 2 Piso 47270 Ávila-Spain,1,Cerdán y Reyes S.L.L.
156,CIYLBOTV,ES5158898069835526029224,BO,Lumbreras y Aroca S.C.P,"Camino de Cristóbal Armas 56 Pueta 8 ,Málaga  49223",1,Lumbreras y Aroca S.C.P
157,IHEGBVZR,FR6868553474185617210452443,BV,Restauración EV S.C.P,Spain,1,Restauración EV S.C.P
158,IHEGBVZR,FR6868553474185617210452443,BV,Finanzas Inteligentes S.L.L.,,1,Finanzas Inteligentes S.L.L.
159,NICLPNUW,GB94ZMKZ86172511805353,PN,Devaux  et Fils,,0,Devaux et Fils
160,TFSANIFZ,GB51RWOX83983458331061,NI,May Sutton,Bailey lake ClarkestadUnited Kingdom,0,May-Sutton
161,KUCIALYH,IT39E6154569269474403055070,AL,Tecnologías Iberia S.C,,0,Tecnologías Iberia S.L.
162,XMICCKRW,FR9298387539332556585835802,CK,Wilson,,0,Wilson Ltd
