,BIC,AccountNumber,CTRYbnk,Name,Address,IsShared,Holder
0,AGQEMQBU,GB67UCBU84199462792514,MQ,Griffiths-Carr,Robinsonville GB,1,Griffiths-Carr
1,AGQEMQBU,GB67UCBU84199462792514,MQ,Foster and Sons,,1,Foster and Sons
2,AGQEMQBU,GB67UCBU84199462792514,MQ,Foster,Dodd knolls529 North Dominicview  GB,1,Foster and Sons
3,AGQEMQBU,GB67UCBU84199462792514,MQ,Foster Inds Sons,,1,Foster and Sons
4,AGQEMQBU,GB67UCBU84199462792514,MQ,Johnson Harrison,,1,Johnson-Harrison
5,AGQEMQBU,GB67UCBU84199462792514,MQ,"Johnson - Harrison .S.U. .r,l","Flat 8 Potter spurs,Lake Tracy-TS7 7QS",1,Johnson-Harrison
6,AGQEMQBU,GB67UCBU84199462792514,MQ,Johnson. Harrison- S.C. - r/l,,1,Johnson-Harrison
7,AGQEMQBU,GB67UCBU84199462792514,MQ,"Johnson. Harrison/S.c.,r.l",Potter spurs Lake Trcy  United Kingdom,1,Johnson-Harrison
8,AGQEMQBU,GB67UCBU84199462792514,MQ,"Johnson. Harrison,S.U. .r- l",,1,Johnson-Harrison
9,AGQEMQBU,GB67UCBU84199462792514,MQ,Johnson-Harrison.,Potter spurs Lake Tracy GB,1,Johnson-Harrison
10,AGQEMQBU,GB67UCBU84199462792514,MQ,Johnson.Harrison. S.a..r - l,,1,Johnson-Harrison
11,AGQEMQBU,GB67UCBU84199462792514,MQ,Johnson- Harrison.,"Poter spurs,Lake Tracy  United Kingdom",1,Johnson-Harrison
12,AGQEMQBU,GB67UCBU84199462792514,MQ,"Johnson,Harrison/S.a.. r - l",Lake Tracy United Kingdom,1,Johnson-Harrison
13,AGQEMQBU,GB67UCBU84199462792514,MQ,Johnson. Harrison - S.c.. r/l,,1,Johnson-Harrison
14,AGQEMQBU,GB67UCBU84199462792514,MQ,"Johnson- Harrison,",,1,Johnson-Harrison
15,AGQEMQBU,GB67UCBU84199462792514,MQ,Ahmed PLC,,1,Ahmed PLC
16,KOBGGSFQ,GB61DEVV68835192336538,GS,Laroche Carlier S.A.R.L.,,0,Laroche Carlier S.A.R.L.
17,KOBGGSFQ,GB61DEVV68835192336538,GS,Laroche Carlier S.c.a.r.l.,,0,Laroche Carlier S.A.R.L.
18,KOBGGSFQ,GB61DEVV68835192336538,GS,Laroche Carlier S.c.a.r.l,,0,Laroche Carlier S.A.R.L.
19,KOBGGSFQ,GB61DEVV68835192336538,GS,Laroche Carlier,,0,Laroche Carlier S.A.R.L.
20,KOBGGSFQ,GB61DEVV68835192336538,GS,Laroche  Carlier S.C.A.R.L.,,0,Laroche Carlier S.A.R.L.
21,KOBGGSFQ,GB61DEVV68835192336538,GS,Laroche Carlier,,0,Laroche Carlier S.A.R.L.
22,KOBGGSFQ,GB61DEVV68835192336538,GS,Laroche Carlier,,0,Laroche Carlier S.A.R.L.
23,KOBGGSFQ,GB61DEVV68835192336538,GS,Laroche  Carlier,,0,Laroche Carlier S.A.R.L.
24,KOBGGSFQ,GB61DEVV68835192336538,GS,Laroche-Carlier S.c.a.r.l,,0,Laroche Carlier S.A.R.L.
25,KOBGGSFQ,GB61DEVV68835192336538,GS,Laroche Carlier S.c.a.r.l,,0,Laroche Carlier S.A.R.L.
26,KOBGGSFQ,GB61DEVV68835192336538,GS,Laroche Carlier.SCARL,1 KleinBourg  aveue de GaillardKleinBourg,0,Laroche Carlier S.A.R.L.
27,HIVLATYP,GB54XXEB61284998277659,AT,Börner,,1,Börner
28,HIVLATYP,GB54XXEB61284998277659,AT,Holt OHG mbH,Magrt-Sontag-Weg/Pasewalk  Pasewalk  Germany,1,Holt OHG mbH
29,HIVLATYP,GB54XXEB61284998277659,AT,Holt  OHG mbH,,1,Holt OHG mbH
30,HIVLATYP,GB54XXEB61284998277659,AT,Holt OHG mbH,,1,Holt OHG mbH
31,HIVLATYP,GB54XXEB61284998277659,AT,"Holt OHG,mbH",,1,Holt OHG mbH
32,HIVLATYP,GB54XXEB61284998277659,AT,Trupp Dussen van GmbH & Co. OHG,,1,Trupp Dussen van GmbH & Co. OHG
33,HIVLATYP,GB54XXEB61284998277659,AT,Trupp Dussen van GmbH .Comp. OHG,,1,Trupp Dussen van GmbH & Co. OHG
34,HIVLATYP,GB54XXEB61284998277659,AT,Trupp Dussen van GmbH & Comp. OHG,,1,Trupp Dussen van GmbH & Co. OHG
35,HIVLATYP,GB54XXEB61284998277659,AT,Trupp Dussen van GmbH &,,1,Trupp Dussen van GmbH & Co. OHG
36,HIVLATYP,GB54XXEB61284998277659,AT,Trupp Dussen van GmbH &,12918 Groß-Gerau,1,Trupp Dussen van GmbH & Co. OHG
37,HIVLATYP,GB54XXEB61284998277659,AT,Trupp Dussen van GmbH & Comp. OHG,Bernward-Junitz-Ring Groß-erau-Groß-Gerau Germany,1,Trupp Dussen van GmbH & Co. OHG
38,HIVLATYP,GB54XXEB61284998277659,AT,Trupp Dussen- van GmbH & OHG,,1,Trupp Dussen van GmbH & Co. OHG
39,HIVLATYP,GB54XXEB61284998277659,AT,Bolnbach KG,,1,Bolnbach KG
40,UIDAJPST,GB05SUBE04559272365149,JP,Lerner SPA,,1,Lerner SPA
41,UIDAJPST,GB05SUBE04559272365149,JP,Lerner,"Incrocio Donatella,5,28833 Brovello Carpugnino-VB",1,Lerner SPA
42,UIDAJPST,GB05SUBE04559272365149,JP,Lerner,,1,Lerner SPA
43,UIDAJPST,GB05SUBE04559272365149,JP,Rosmini-Oliboni Group,,1,Rosmini-Oliboni Group
44,UIDAJPST,GB05SUBE04559272365149,JP,"Muti, Tomaselli e Sanudo e figli",,1,"Muti, Tomaselli e Sanudo e figli"
45,UIDAJPST,GB05SUBE04559272365149,JP,Bocelli Group,Piano 4 Contrada Peano  Milano,1,Bocelli Group
46,UIDAJPST,GB05SUBE04559272365149,JP,"Cadorna, Sagese e Caironi e figli",Canale Battisti 310 39027 Resia/BZ,1,"Cadorna, Sagese e Caironi e figli"
47,UIDAJPST,GB05SUBE04559272365149,JP,Bajamonti SPA,,1,Bajamonti SPA
48,UIDAJPST,GB05SUBE04559272365149,JP,Cainero-Calbo Group,,1,Cainero-Calbo Group
49,UIDAJPST,GB05SUBE04559272365149,JP,"Bompiani, Toso e Puglisi s.r.l.",,1,"Bompiani, Toso e Puglisi s.r.l."
50,UIDAJPST,GB05SUBE04559272365149,JP,"Bompiani, Toso e Puglisi",Sorano,1,"Bompiani, Toso e Puglisi s.r.l."
51,LAXRGLIJ,GB52ISAH98523303476231,GL,Walker Group,"33  Evans heights,North Declantown",1,Walker Group
52,LAXRGLIJ,GB52ISAH98523303476231,GL,"Fox, Webb and Clark",,1,"Fox, Webb and Clark"
53,LAXRGLIJ,GB52ISAH98523303476231,GL,Rhodes and Sons,,1,Rhodes and Sons
54,LAXRGLIJ,GB52ISAH98523303476231,GL,Rhodes Industries Sons,,1,Rhodes and Sons
55,LAXRGLIJ,GB52ISAH98523303476231,GL,Rhodes,,1,Rhodes and Sons
56,LAXRGLIJ,GB52ISAH98523303476231,GL,Rhodes Inds. Sons,,1,Rhodes and Sons
57,LAXRGLIJ,GB52ISAH98523303476231,GL,Rhodes,Declan hollow  Taylorview United Kingdom,1,Rhodes and Sons
58,LAXRGLIJ,GB52ISAH98523303476231,GL,Rhodes Inds Sons,Taylorview United Kingdom,1,Rhodes and Sons
59,LAXRGLIJ,GB52ISAH98523303476231,GL,Rhodes Inds.,Taylorview GB,1,Rhodes and Sons
60,LAXRGLIJ,GB52ISAH98523303476231,GL,Rhodes,,1,Rhodes and Sons
61,LAXRGLIJ,GB52ISAH98523303476231,GL,Rhodes Industries Sons,United Kingdom,1,Rhodes and Sons
62,LAXRGLIJ,GB52ISAH98523303476231,GL,Sharp Ltd,X X,1,Sharp Ltd
63,LAXRGLIJ,GB52ISAH98523303476231,GL,Sharp Ltd Glb.,,1,Sharp Ltd
64,LAXRGLIJ,GB52ISAH98523303476231,GL,Sharp Ltd Glob.,&&,1,Sharp Ltd
65,LAXRGLIJ,GB52ISAH98523303476231,GL,Sharp,,1,Sharp Ltd
66,LAXRGLIJ,GB52ISAH98523303476231,GL,Sharp Ltd Global,,1,Sharp Ltd
67,LAXRGLIJ,GB52ISAH98523303476231,GL,Sharp LTD Glb,,1,Sharp Ltd
68,LAXRGLIJ,GB52ISAH98523303476231,GL,Sharp Ltd. Glb,,1,Sharp Ltd
69,LAXRGLIJ,GB52ISAH98523303476231,GL,Sharp,,1,Sharp Ltd
70,LAXRGLIJ,GB52ISAH98523303476231,GL,Sharp Ltd Glb,,1,Sharp Ltd
71,AVCDVCCX,GB83TYVE86216230624718,VC,Rocher,Sainte Vicor FR,0,Rocher
72,PGFQPNPO,FR6926604780357600937100923,PN,Porcellato Group,,0,Porcellato Group
73,PGFQPNPO,FR6926604780357600937100923,PN,Porcellato Grp .S.A.P.A.,13884-Sala Biellese,0,Porcellato Group
74,PGFQPNPO,FR6926604780357600937100923,PN,Porcellato Group SAPA,Sala Biellese IT,0,Porcellato Group
75,PGFQPNPO,FR6926604780357600937100923,PN,Porcellato Gp. S.A.P.A.,-,0,Porcellato Group
76,PGFQPNPO,FR6926604780357600937100923,PN,Porcellato Group .SAPA,Pizza Cabrini 8/13884 SalaBiellese/BI,0,Porcellato Group
77,PGFQPNPO,FR6926604780357600937100923,PN,Porcellato Group S.A.P.A,,0,Porcellato Group
78,PGFQPNPO,FR6926604780357600937100923,PN,Porcellato Gp. S.A.P.A.,,0,Porcellato Group
79,ZZKMMHML,FR7964778771913213406795108,MH,"Hill, Wilson and Bolton",,0,"Hill, Wilson and Bolton"
80,ZZKMMHML,FR7964778771913213406795108,MH,"Hill, Wilson",,0,"Hill, Wilson and Bolton"
81,ZZKMMHML,FR7964778771913213406795108,MH,"Hill, Wilson/Ind. Bolton",,0,"Hill, Wilson and Bolton"
82,ZZKMMHML,FR7964778771913213406795108,MH,"Hill, Wilson",,0,"Hill, Wilson and Bolton"
83,ZZKMMHML,FR7964778771913213406795108,MH,"Hill, Wilson",Shaw plainNorth Annechester United Kingdom,0,"Hill, Wilson and Bolton"
84,GBSYSMUO,GB07NEWD10797594811548,SM,Costa Silveira S/A,Brazil,1,Costa Silveira S/A
85,GBSYSMUO,GB07NEWD10797594811548,SM,Teixeira,"Vereda Cldeira,RN,São CristóvãoBrazil",1,Teixeira
86,GBSYSMUO,GB07NEWD10797594811548,SM,Farias,,1,Farias
87,GBSYSMUO,GB07NEWD10797594811548,SM,F.rias,,1,Farias
88,GBSYSMUO,GB07NEWD10797594811548,SM,Campos Barros S/A,,1,Campos Barros S/A
89,BMPWBHZX,GB97JKHF96680096637200,BH,"Taylor, Hardy and Davies",,0,"Taylor, Hardy and Davies"
90,BMPWBHZX,GB97JKHF96680096637200,BH,"Taylor, Hardy","Flat 30Y Patricia fields,Harrisonhaven M08 8QE",0,"Taylor, Hardy and Davies"
91,BMPWBHZX,GB97JKHF96680096637200,BH,"Taylor, Hardy Inds Davies",Harrisonhaven,0,"Taylor, Hardy and Davies"
92,BMPWBHZX,GB97JKHF96680096637200,BH,"Taylor, Hardy Industries Davies",Patricia fields/Harrisonhaven United Kingdom,0,"Taylor, Hardy and Davies"
93,BMPWBHZX,GB97JKHF96680096637200,BH,"Taylor,  Hardy Davies",,0,"Taylor, Hardy and Davies"
94,BMPWBHZX,GB97JKHF96680096637200,BH,"Taylor, Hardy Ind. Davies",,0,"Taylor, Hardy and Davies"
95,BMPWBHZX,GB97JKHF96680096637200,BH,"Taylor, Hardy Inds. Davies",,0,"Taylor, Hardy and Davies"
96,BCFDDKMW,ES7988516907319605483224,DK,Neways,,0,Neways
97,BCFDDKMW,ES7988516907319605483224,DK,Neways,,0,Neways
98,BCFDDKMW,ES7988516907319605483224,DK,Neways,,0,Neways
99,BCFDDKMW,ES7988516907319605483224,DK,Neways,"LucassteegWerhout Wernhout,Netherlands",0,Neways
100,YNODCUWU,ES4153957743436982862704,CU,Pereira Vieira - ME,,0,Pereira Vieira - ME
101,YNODCUWU,ES4153957743436982862704,CU,"Pereira Vieira  -ME,S.R.L.",Urca Brazil,0,Pereira Vieira - ME
102,YNODCUWU,ES4153957743436982862704,CU,Pereira Vieira - ME,Estação de Gonçalves RO rca-RO Brazil,0,Pereira Vieira - ME
103,MAOGVEFM,ES9450057178087379236749,VE,Koninklijke Vignon,,0,Koninklijke Vignon
104,MAOGVEFM,ES9450057178087379236749,VE,Koninklijke Vignon -,Netherlands,0,Koninklijke Vignon
105,NGWBBERU,ES6276177725136233616108,BE,Stadelmann,,1,Stadelmann
106,NGWBBERU,ES6276177725136233616108,BE,Beckmann,Kassel/Rosmarie-Killer-Allee  Kassel,1,Beckmann
107,NGWBBERU,ES6276177725136233616108,BE,Käster,55246Diephoz,1,Käster
108,NGWBBERU,ES6276177725136233616108,BE,Gude,,1,Gude
109,NGWBBERU,ES6276177725136233616108,BE,Etzler,Betty-Kobelt-Weg  Badalzungen-Badazungen DE,1,Etzler
110,NGWBBERU,ES6276177725136233616108,BE,Etzler,"Betty-Kobelt-Weg  607,87086 Badalzungen",1,Etzler
111,NGWBBERU,ES6276177725136233616108,BE,Etzler,,1,Etzler
112,NGWBBERU,ES6276177725136233616108,BE,Etzl-r,,1,Etzler
113,NGWBBERU,ES6276177725136233616108,BE,Etzler,,1,Etzler
114,NGWBBERU,ES6276177725136233616108,BE,Etzler,Badalzungen Germany,1,Etzler
115,NGWBBERU,ES6276177725136233616108,BE,Kramer Schäfer GbR,,1,Kramer Schäfer GbR
116,NGWBBERU,ES6276177725136233616108,BE,"Kramer Schäfer,GbR",,1,Kramer Schäfer GbR
117,NGWBBERU,ES6276177725136233616108,BE,Kramer Schäfer GbR,,1,Kramer Schäfer GbR
118,NGWBBERU,ES6276177725136233616108,BE,Kramer Schäfer .GbR,,1,Kramer Schäfer GbR
119,NGWBBERU,ES6276177725136233616108,BE,Kramer Schäfer GbR,,1,Kramer Schäfer GbR
120,NGWBBERU,ES6276177725136233616108,BE,Kramer Schäfer GbR,WilmsplatzEichstät/EichstättDE,1,Kramer Schäfer GbR
121,PJTKKWCI,GB22JISN81618155042628,KW,Werner,,1,Werner
122,PJTKKWCI,GB22JISN81618155042628,KW,Adler,,1,Adler
123,PLSMCGMK,GB83MCWY45144721811306,CG,Evans LLC,,1,Evans LLC
124,PLSMCGMK,GB83MCWY45144721811306,CG,Evans,,1,Evans LLC
125,PLSMCGMK,GB83MCWY45144721811306,CG,Evans Pvt.  Ltd,"Garrett Corners,68523 90684 Brentiew (SD)United States",1,Evans LLC
126,PLSMCGMK,GB83MCWY45144721811306,CG,Evans/Pvt. Ltd.,,1,Evans LLC
127,PLSMCGMK,GB83MCWY45144721811306,CG,Evans,,1,Evans LLC
128,PLSMCGMK,GB83MCWY45144721811306,CG,Evans,68523/Garrett CornersBrentview SD-90684,1,Evans LLC
129,PLSMCGMK,GB83MCWY45144721811306,CG,Evans P.L.C,"Garrett Corners,68523 90684/Brentview  SDUnited States",1,Evans LLC
130,PLSMCGMK,GB83MCWY45144721811306,CG,Caldwell Huffman,34423 28463Ho Cliff Apt. 087  New Gina,1,Caldwell-Huffman
131,PLSMCGMK,GB83MCWY45144721811306,CG,Caldwell. Huffman .Inds,34423 28463 Ho Cliff Apt. 087  New Gina,1,Caldwell-Huffman
132,PLSMCGMK,GB83MCWY45144721811306,CG,Caldwell- Huffman. Inds.,,1,Caldwell-Huffman
133,PLSMCGMK,GB83MCWY45144721811306,CG,Caldwell- Huffman. S.N.C.,New Gina United States,1,Caldwell-Huffman
134,PLSMCGMK,GB83MCWY45144721811306,CG,"Caldwell - Huffman,",New Gina,1,Caldwell-Huffman
135,PLSMCGMK,GB83MCWY45144721811306,CG,Caldwell .Huffman.,"34423/Ho Cliff Apt. 087,New Gina/MI,28463",1,Caldwell-Huffman
136,PLSMCGMK,GB83MCWY45144721811306,CG,"Caldwell/Huffman,Inds.",New GinaUnited States,1,Caldwell-Huffman
137,PLSMCGMK,GB83MCWY45144721811306,CG,Caldwell-Huffman-Inc.,,1,Caldwell-Huffman
138,PLSMCGMK,GB83MCWY45144721811306,CG,"Caldwell. Huffman,",United States,1,Caldwell-Huffman
139,PLSMCGMK,GB83MCWY45144721811306,CG,"Caldwell,Huffman/",,1,Caldwell-Huffman
140,PLSMCGMK,GB83MCWY45144721811306,CG,Caldwell - Huffman - Inc.,34423 28463 Ho Cliff Apt. 087 New Gin,1,Caldwell-Huffman
141,NHSPOMTQ,IT93Z1445799028887663444873,OM,Tartaglia Group,Campinola,0,Tartaglia Group
142,NHSPOMTQ,IT93Z1445799028887663444873,OM,Tartaglia Grp SA,Campinola Italia,0,Tartaglia Group
143,NHSPOMTQ,IT93Z1445799028887663444873,OM,Tartaglia Group.S.c.,,0,Tartaglia Group
144,NHSPOMTQ,IT93Z1445799028887663444873,OM,Tartaglia Group,,0,Tartaglia Group
145,NHSPOMTQ,IT93Z1445799028887663444873,OM,Tartaglia Group/,,0,Tartaglia Group
146,NHSPOMTQ,IT93Z1445799028887663444873,OM,Tartaglia,,0,Tartaglia Group
147,NHSPOMTQ,IT93Z1445799028887663444873,OM,Tartaglia Group S.P.A.,Contrada Iolanda 4/84010 Campinola-SA,0,Tartaglia Group
148,NHSPOMTQ,IT93Z1445799028887663444873,OM,Tartaglia Group Sp.A.,Italia,0,Tartaglia Group
149,NHSPOMTQ,IT93Z1445799028887663444873,OM,Tartaglia Group S.p.A.,,0,Tartaglia Group
150,NHSPOMTQ,IT93Z1445799028887663444873,OM,Tartaglia,,0,Tartaglia Group
151,NHSPOMTQ,IT93Z1445799028887663444873,OM,Tartaglia Gr. SA,Contrada Iolanda  4  84010Campinola  SA,0,Tartaglia Group
152,NHSPOMTQ,IT93Z1445799028887663444873,OM,Tartaglia Group,,0,Tartaglia Group
153,NHSPOMTQ,IT93Z1445799028887663444873,OM,Tartaglia Grp. SA,84010 Campinola,0,Tartaglia Group
154,NHSPOMTQ,IT93Z1445799028887663444873,OM,Tartaglia Group S.c.,,0,Tartaglia Group
155,NHSPOMTQ,IT93Z1445799028887663444873,OM,Tartaglia Group,,0,Tartaglia Group
156,NHSPOMTQ,IT93Z1445799028887663444873,OM,Tartaglia-Grp. SA,,0,Tartaglia Group
157,NHSPOMTQ,IT93Z1445799028887663444873,OM,Tartaglia Group S.c.,,0,Tartaglia Group
158,NHSPOMTQ,IT93Z1445799028887663444873,OM,Tartaglia,84010Campinola,0,Tartaglia Group
159,NHSPOMTQ,IT93Z1445799028887663444873,OM,Tartaglia Grp SA,,0,Tartaglia Group
160,NHSPOMTQ,IT93Z1445799028887663444873,OM,"Tartaglia/Gr.,SA",Contrada Iolanda Campinola (SA) IT,0,Tartaglia Group
161,HEIABFBE,GB68CHFZ79748218904990,BF,Belda y asociados S.A.U,Las Palmas Spain,0,Belda y asociados S.A.U
162,HEIABFBE,GB68CHFZ79748218904990,BF,Belda- y-asociados,,0,Belda y asociados S.A.U
163,HEIABFBE,GB68CHFZ79748218904990,BF,Belda y,Las Palmas Spain,0,Belda y asociados S.A.U
164,HEIABFBE,GB68CHFZ79748218904990,BF,Belda y asociados S.a.s.,,0,Belda y asociados S.A.U
165,HEIABFBE,GB68CHFZ79748218904990,BF,Belda y asociados S.a.s.,42177-Calle de Raquel Álvarez 1 Apt.-Las Palmas,0,Belda y asociados S.A.U
166,HEIABFBE,GB68CHFZ79748218904990,BF,Belda y asociados S.A.S,,0,Belda y asociados S.A.U
167,AYWZYTMQ,NL55NTTK1686325433,YT,Häring Misicher AG & Co. OHG,,1,Häring Misicher AG & Co. OHG
168,AYWZYTMQ,NL55NTTK1686325433,YT,Ortmann AG & Co. KG,,1,Ortmann AG & Co. KG
169,AYWZYTMQ,NL55NTTK1686325433,YT,Ortmann AG & Comp. KG,,1,Ortmann AG & Co. KG
170,AYWZYTMQ,NL55NTTK1686325433,YT,Ortmann AG &,Herzberg E,1,Ortmann AG & Co. KG
171,AYWZYTMQ,NL55NTTK1686325433,YT,Ortmann AG & Co. KG,,1,Ortmann AG & Co. KG
172,ZDRHCMTX,NL48CQRP5126034331,CM,Farmaceútica del Mediterráneo S.L.,"36029,Segovia",0,Farmaceútica del Mediterráneo S.L.
173,ZDRHCMTX,NL48CQRP5126034331,CM,Farmaceútica del Mediterráneo S.c,36029  Segovia,0,Farmaceútica del Mediterráneo S.L.
174,ZDRHCMTX,NL48CQRP5126034331,CM,Farmaceútica del Mediterráneo,,0,Farmaceútica del Mediterráneo S.L.
175,ZDRHCMTX,NL48CQRP5126034331,CM,Farmaceútica del S.C.,Segovia Spain,0,Farmaceútica del Mediterráneo S.L.
176,ZDRHCMTX,NL48CQRP5126034331,CM,Farmaceútica del  Mediterráneo,,0,Farmaceútica del Mediterráneo S.L.
177,ZDRHCMTX,NL48CQRP5126034331,CM,Farmaceútica  del Mediterráneo,,0,Farmaceútica del Mediterráneo S.L.
178,ZDRHCMTX,NL48CQRP5126034331,CM,Farmaceútica del Mediterráneo SC,,0,Farmaceútica del Mediterráneo S.L.
179,ZDRHCMTX,NL48CQRP5126034331,CM,Farmaceútica del Mediterráneo S.U.,,0,Farmaceútica del Mediterráneo S.L.
180,ZDRHCMTX,NL48CQRP5126034331,CM,Farmaceútica del Mediterráneo-S.U.,,0,Farmaceútica del Mediterráneo S.L.
181,ZDRHCMTX,NL48CQRP5126034331,CM,Farmaceútica del.Mediterráneo SA,Segovia ES,0,Farmaceútica del Mediterráneo S.L.
182,ZDRHCMTX,NL48CQRP5126034331,CM,Farmaceútica del Mediterráneo,,0,Farmaceútica del Mediterráneo S.L.
183,ZDRHCMTX,NL48CQRP5126034331,CM,Farmaceútica del Mediterráneo S.c,36029  Segovia,0,Farmaceútica del Mediterráneo S.L.
184,ZDRHCMTX,NL48CQRP5126034331,CM,Farmaceútica  del Mediterráneo S.U.,,0,Farmaceútica del Mediterráneo S.L.
185,ZDRHCMTX,NL48CQRP5126034331,CM,Farmaceútica  del- Mediterráneo S.C.,36029-Alameda de Quirino Oliver Segovia,0,Farmaceútica del Mediterráneo S.L.
186,ZDRHCMTX,NL48CQRP5126034331,CM,Farmaceútica del Mediterráneo,Segovia Spain,0,Farmaceútica del Mediterráneo S.L.
187,ZDRHCMTX,NL48CQRP5126034331,CM,Farmaceútica del Mediterráneo,36029Segovia,0,Farmaceútica del Mediterráneo S.L.
188,OPXYNCCS,ES1581256910008459011515,NC,Foucher Marchand S.A.,,1,Foucher Marchand S.A.
189,OPXYNCCS,ES1581256910008459011515,NC,Foucher Marchand,,1,Foucher Marchand S.A.
190,OPXYNCCS,ES1581256910008459011515,NC,Foucher Marchand S.a.s.,,1,Foucher Marchand S.A.
191,OPXYNCCS,ES1581256910008459011515,NC,Foucher Marchand,,1,Foucher Marchand S.A.
192,OPXYNCCS,ES1581256910008459011515,NC,Foucher Marchand SAS,Coulon France,1,Foucher Marchand S.A.
193,OPXYNCCS,ES1581256910008459011515,NC,Foucher  Marchand SAS,,1,Foucher Marchand S.A.
194,OPXYNCCS,ES1581256910008459011515,NC,Foucher  Marchand,,1,Foucher Marchand S.A.
195,OPXYNCCS,ES1581256910008459011515,NC,Foucher. Marchand Società per Azioni,,1,Foucher Marchand S.A.
196,OPXYNCCS,ES1581256910008459011515,NC,Foucher/Marchand,,1,Foucher Marchand S.A.
197,OPXYNCCS,ES1581256910008459011515,NC,Foucher.Marchand,chemin Maury 05545Coulon,1,Foucher Marchand S.A.
198,OPXYNCCS,ES1581256910008459011515,NC,Foucher Marchand,chemin Maury  05545/Coulon,1,Foucher Marchand S.A.
199,OPXYNCCS,ES1581256910008459011515,NC,Foucher Marchand S.a.,chemin Maury Coulon  CoulonFance,1,Foucher Marchand S.A.
200,OPXYNCCS,ES1581256910008459011515,NC,Foucher Marchand,France,1,Foucher Marchand S.A.
201,OPXYNCCS,ES1581256910008459011515,NC,Foucher Marchand,* **,1,Foucher Marchand S.A.
202,OPXYNCCS,ES1581256910008459011515,NC,Rémy,,1,Rémy
203,OPXYNCCS,ES1581256910008459011515,NC,Chauveau,,1,Chauveau
204,OPXYNCCS,ES1581256910008459011515,NC,Da Costa,Perret-surMer,1,Da Costa
205,OPXYNCCS,ES1581256910008459011515,NC,Costa Grp.,,1,Da Costa
206,PPYPNFOK,DE81388011894191326061,NF,Finanzas Company S.A.,Lugo ES,0,Finanzas Company S.A.
207,PPYPNFOK,DE81388011894191326061,NF,Finanzas Company S.p.A.,Cañada Amparo Peiró 35 Piso 6  Lugo26913,0,Finanzas Company S.A.
208,PPYPNFOK,DE81388011894191326061,NF,Finanzas Company S.P.A.,,0,Finanzas Company S.A.
209,PPYPNFOK,DE81388011894191326061,NF,Finanzas Co S.A.,,0,Finanzas Company S.A.
210,PPYPNFOK,DE81388011894191326061,NF,"Finanzas  Comp.,S.A.",X  X,0,Finanzas Company S.A.
211,PPYPNFOK,DE81388011894191326061,NF,Finanzas Co S.A.,,0,Finanzas Company S.A.
212,PPYPNFOK,DE81388011894191326061,NF,Finanzas Comp. S.A.,Cañada Amparo Peiró 35 Piso 26913/Lugo Spain,0,Finanzas Company S.A.
213,PPYPNFOK,DE81388011894191326061,NF,Finanzas Comp./S.A.,26913/Lugo,0,Finanzas Company S.A.
214,PPYPNFOK,DE81388011894191326061,NF,Finanzas Co.  S.A.,Lugo,0,Finanzas Company S.A.
215,PPYPNFOK,DE81388011894191326061,NF,Finanzas Co.  S.A.,,0,Finanzas Company S.A.
216,PPYPNFOK,DE81388011894191326061,NF,Finanzas Co. S.A.,,0,Finanzas Company S.A.
217,PPYPNFOK,DE81388011894191326061,NF,Finanzas,Cañada Amparo Peiró 35 Piso 6  Lugo 26913,0,Finanzas Company S.A.
218,PPYPNFOK,DE81388011894191326061,NF,Finanzas- Co. S.A.,Lugo Spain,0,Finanzas Company S.A.
219,PPYPNFOK,DE81388011894191326061,NF,Finanzas Co. S.A.,,0,Finanzas Company S.A.
220,PPYPNFOK,DE81388011894191326061,NF,Finanzas,Spain,0,Finanzas Company S.A.
221,PPYPNFOK,DE81388011894191326061,NF,Finanzas Co S.A.,Lugo ES,0,Finanzas Company S.A.
222,PPYPNFOK,DE81388011894191326061,NF,Finanzas Co. S.A.,Spain,0,Finanzas Company S.A.
223,PPYPNFOK,DE81388011894191326061,NF,Finanzas,,0,Finanzas Company S.A.
224,SOLEFJSK,FR1030048580586637855595971,FJ,Kruns & Lamotte,Em Maartenhof-Er,1,Kruns & Lamotte
225,SOLEFJSK,FR1030048580586637855595971,FJ,Kruns & Lamotte,,1,Kruns & Lamotte
226,SOLEFJSK,FR1030048580586637855595971,FJ,Royal Rek,,1,Royal Rek
227,SOLEFJSK,FR1030048580586637855595971,FJ,"Royal.Rek,SC",,1,Royal Rek
228,SOLEFJSK,FR1030048580586637855595971,FJ,Royal.Rek.,Esbeek Netherlands,1,Royal Rek
229,SOLEFJSK,FR1030048580586637855595971,FJ,Royal Rek SC,,1,Royal Rek
230,SOLEFJSK,FR1030048580586637855595971,FJ,Royal Rek  S.C.,Netherlands,1,Royal Rek
231,EESVGDCS,IT73D2422697359103077438624,GD,Ortega LLC,,0,Ortega LLC
232,EESVGDCS,IT73D2422697359103077438624,GD,Ortega LLC.S.N.C.,,0,Ortega LLC
233,EESVGDCS,IT73D2422697359103077438624,GD,"Ortega LLC,SNC",,0,Ortega LLC
234,EESVGDCS,IT73D2422697359103077438624,GD,Ortega LLC SNC,United States,0,Ortega LLC
235,EESVGDCS,IT73D2422697359103077438624,GD,Ortega-,3128 Miranda Well Apt. 171-Andrewchester UT-53782,0,Ortega LLC
236,EESVGDCS,IT73D2422697359103077438624,GD,Ortega LLC -,3128 5782  Miranda Well Apt. 171 Andrewchester,0,Ortega LLC
237,RZUTVGLQ,IT55R7234271768498801537120,VG,Estévez y Agudo S.A.,13644-Callejón Amancio Santos 49 Apt. Ciudad,1,Estévez y Agudo S.A.
238,RZUTVGLQ,IT55R7234271768498801537120,VG,Cabrera y Cornejo S.A.,,1,Cabrera y Cornejo S.A.
239,RZUTVGLQ,IT55R7234271768498801537120,VG,Cabrera  y Cornejo S.C.,,1,Cabrera y Cornejo S.A.
240,RZUTVGLQ,IT55R7234271768498801537120,VG,Cabrera y Cornejo S.a.s.,Ceuta ES,1,Cabrera y Cornejo S.A.
241,RZUTVGLQ,IT55R7234271768498801537120,VG,Cabrera y Cornejo S.a.s.,,1,Cabrera y Cornejo S.A.
242,RZUTVGLQ,IT55R7234271768498801537120,VG,Despacho VQT S.Coop.,,1,Despacho VQT S.Coop.
243,RZUTVGLQ,IT55R7234271768498801537120,VG,Hnos Hernando S.L.N.E,,1,Hnos Hernando S.L.N.E
244,RZUTVGLQ,IT55R7234271768498801537120,VG,Hnos Hernando,,1,Hnos Hernando S.L.N.E
245,RZUTVGLQ,IT55R7234271768498801537120,VG,Hnos Hernando - S.L.N.E,,1,Hnos Hernando S.L.N.E
246,RZUTVGLQ,IT55R7234271768498801537120,VG,Hnos Hernando,Cuenca ES,1,Hnos Hernando S.L.N.E
247,RZUTVGLQ,IT55R7234271768498801537120,VG,Hnos Hernando S.L.N.E,Cuenca ES,1,Hnos Hernando S.L.N.E
248,RZUTVGLQ,IT55R7234271768498801537120,VG,Hnos Hernando S.L.N.E,,1,Hnos Hernando S.L.N.E
249,TCAHGUL2,GB51IXVX56151794404917,GU,Dobson Inc,"984 Frderick summit,Richardsville  E5W 9NH",0,Dobson Inc
250,TCAHGUL2,GB51IXVX56151794404917,GU,Dobson Inc SRL,,0,Dobson Inc
251,TCAHGUL2,GB51IXVX56151794404917,GU,Dobson .Inds. S.r.L,Frederick summit/984 Richardsville United Kingdom,0,Dobson Inc
252,TCAHGUL2,GB51IXVX56151794404917,GU,Dobson Inc. S.r.L,,0,Dobson Inc
253,TCAHGUL2,GB51IXVX56151794404917,GU,Dobson Industries-S.r.L,984 Frederick summit/Richardsville,0,Dobson Inc
254,TCAHGUL2,GB51IXVX56151794404917,GU,Dobson Industries S.r.L,,0,Dobson Inc
255,TCAHGUL2,GB51IXVX56151794404917,GU,Dobson Inc SRL,Richardsville,0,Dobson Inc
256,TCAHGUL2,GB51IXVX56151794404917,GU,Dobson Industries S.r.L,E5W 9H Richardsville,0,Dobson Inc
257,TCAHGUL2,GB51IXVX56151794404917,GU,Dobson-Inds .S.r.L,,0,Dobson Inc
258,TCAHGUL2,GB51IXVX56151794404917,GU,Dobson Inds-  S.r.L,,0,Dobson Inc
259,TCAHGUL2,GB51IXVX56151794404917,GU,Dobson Inc .SRL,,0,Dobson Inc
260,TCAHGUL2,GB51IXVX56151794404917,GU,Dobson,,0,Dobson Inc
261,HSQTMPQZ,GB59HAZZ15503436749667,MP,Lehmann AG,,0,Lehmann AG
262,HSQTMPQZ,GB59HAZZ15503436749667,MP,Lehmann AG,,0,Lehmann AG
263,HSQTMPQZ,GB59HAZZ15503436749667,MP,Lehmann  AG,,0,Lehmann AG
264,HSQTMPQZ,GB59HAZZ15503436749667,MP,Lehmann AG,,0,Lehmann AG
265,JEVFVALQ,DE81522187119074948639,VA,Marie,5 Delattre  rue Théophile Barbier  Delattre,1,Marie
266,JEVFVALQ,DE81522187119074948639,VA,Moreno,,1,Moreno
267,JEVFVALQ,DE81522187119074948639,VA,"Moreno,SNC",France,1,Moreno
268,JEVFVALQ,DE81522187119074948639,VA,Moreno,40 Saint aure chemin de Hamon/Saint Laure,1,Moreno
269,JEVFVALQ,DE81522187119074948639,VA,Moreno SNC,,1,Moreno
270,JEVFVALQ,DE81522187119074948639,VA,Moreno  SNC,,1,Moreno
271,JEVFVALQ,DE81522187119074948639,VA,Chrétien Martin S.A.,DelaunayBourg FR,1,Chrétien Martin S.A.
272,JEVFVALQ,DE81522187119074948639,VA,Texier,,1,Texier
273,KXDVPNRF,GB92DJSW47224373118544,PN,Austin-Kennedy,,1,Austin-Kennedy
274,KXDVPNRF,GB92DJSW47224373118544,PN,Austin Kennedy,,1,Austin-Kennedy
275,KXDVPNRF,GB92DJSW47224373118544,PN,Austin Kennedy  Inc.,Jeffrey estates North Kirsty GB,1,Austin-Kennedy
276,KXDVPNRF,GB92DJSW47224373118544,PN,Austin Kennedy/,S89 9FD/North Kirsty,1,Austin-Kennedy
277,KXDVPNRF,GB92DJSW47224373118544,PN,"Carr, Porter and Harding",,1,"Carr, Porter and Harding"
278,KXDVPNRF,GB92DJSW47224373118544,PN,"Carr, Porter Industries",,1,"Carr, Porter and Harding"
279,KXDVPNRF,GB92DJSW47224373118544,PN,"Carr, Porter .Inds. Harding",,1,"Carr, Porter and Harding"
280,KXDVPNRF,GB92DJSW47224373118544,PN,"Carr, Porter Inds. Harding",Jones circle/6 South Carole GB,1,"Carr, Porter and Harding"
281,KXDVPNRF,GB92DJSW47224373118544,PN,"Carr, Porter Industries  Harding",,1,"Carr, Porter and Harding"
282,KXDVPNRF,GB92DJSW47224373118544,PN,"Carr, Porter",,1,"Carr, Porter and Harding"
283,KXDVPNRF,GB92DJSW47224373118544,PN,"Carr, Porter.",,1,"Carr, Porter and Harding"
284,KXDVPNRF,GB92DJSW47224373118544,PN,"Carr, Porter",,1,"Carr, Porter and Harding"
285,KXDVPNRF,GB92DJSW47224373118544,PN,"Carr, Porter Inds Harding",,1,"Carr, Porter and Harding"
286,KXDVPNRF,GB92DJSW47224373118544,PN,"Carr, Porter",,1,"Carr, Porter and Harding"
287,KXDVPNRF,GB92DJSW47224373118544,PN,"Carr, Porter",,1,"Carr, Porter and Harding"
288,KXDVPNRF,GB92DJSW47224373118544,PN,"Carr,. Porter",TR25 0HJ-South Carole,1,"Carr, Porter and Harding"
289,KXDVPNRF,GB92DJSW47224373118544,PN,"Carr, Porter .Industries Harding",Jones circle 6South Carole United Kingdom,1,"Carr, Porter and Harding"
290,KXDVPNRF,GB92DJSW47224373118544,PN,"Carr, Porter  Ind. Harding",TR25 0HJ  South Carole,1,"Carr, Porter and Harding"
291,KXDVPNRF,GB92DJSW47224373118544,PN,Harris Group,,1,Harris Group
292,FOHABYMQ,DE26777933687753631670,BY,Gomes,,0,Gomes
293,FOHABYMQ,DE26777933687753631670,BY,Gomes,,0,Gomes
294,FOHABYMQ,DE26777933687753631670,BY,Gomes,,0,Gomes
295,FOHABYMQ,DE26777933687753631670,BY,Gomes S.C.A.R.L.,Sítio Sales  MT Pilar(MT) BR,0,Gomes
296,FOHABYMQ,DE26777933687753631670,BY,Gomes S.A.R.L.,--  -,0,Gomes
297,FOHABYMQ,DE26777933687753631670,BY,Gomes,Pilar Brazil,0,Gomes
298,FOHABYMQ,DE26777933687753631670,BY,Gomes,,0,Gomes
299,FOHABYMQ,DE26777933687753631670,BY,Gomes,,0,Gomes
300,FOHABYMQ,DE26777933687753631670,BY,Gomes S.C.A.R.L,Pilar,0,Gomes
301,FOHABYMQ,DE26777933687753631670,BY,Gomes SCARL,MT-Sítio Sales-Pilar,0,Gomes
302,FOHABYMQ,DE26777933687753631670,BY,Gomes,Sítio SalesMT Pilar MT/BR,0,Gomes
303,FOHABYMQ,DE26777933687753631670,BY,Gomes,"Sítio Sales 895 Pilar,97596-171 Rodrigues  MT",0,Gomes
304,FOHABYMQ,DE26777933687753631670,BY,Gomes  SCARL,,0,Gomes
305,FOHABYMQ,DE26777933687753631670,BY,Gomes S.C.A.R.L,,0,Gomes
306,MCXSKEGV,FR4704833828032181371774705,KE,White-Wilson,,0,White-Wilson
307,MCXSKEGV,FR4704833828032181371774705,KE,White Wilson  Group,,0,White-Wilson
308,MCXSKEGV,FR4704833828032181371774705,KE,"White Wilson,","Francis Viaduct Suite 3966430 44811-Amyborough,NJ United States",0,White-Wilson
309,MCXSKEGV,FR4704833828032181371774705,KE,White Wilson Grp.,,0,White-Wilson
310,MCXSKEGV,FR4704833828032181371774705,KE,White/Wilson  Grp,United States,0,White-Wilson
311,MCXSKEGV,FR4704833828032181371774705,KE,White Wilson Gr.,,0,White-Wilson
312,MCXSKEGV,FR4704833828032181371774705,KE,White Wilson,,0,White-Wilson
313,MCXSKEGV,FR4704833828032181371774705,KE,White Wilson Grp,,0,White-Wilson
314,MCXSKEGV,FR4704833828032181371774705,KE,White Wilson,,0,White-Wilson
315,MCXSKEGV,FR4704833828032181371774705,KE,White Wilson Grp.,"Francis Viaduct Suite 396 6430 44811,Amyborough NJUnited States",0,White-Wilson
316,MCXSKEGV,FR4704833828032181371774705,KE,White Wilson Gr.,,0,White-Wilson
317,MCXSKEGV,FR4704833828032181371774705,KE,White Wilson,,0,White-Wilson
318,MCXSKEGV,FR4704833828032181371774705,KE,White Wilson-,,0,White-Wilson
319,MCXSKEGV,FR4704833828032181371774705,KE,White Wilson,,0,White-Wilson
320,MCXSKEGV,FR4704833828032181371774705,KE,White Wilson-,/,0,White-Wilson
321,MCXSKEGV,FR4704833828032181371774705,KE,White Wilson Gp.,Amyborough United States,0,White-Wilson
322,MCXSKEGV,FR4704833828032181371774705,KE,White. Wilson Gr.,"Francis Viaduct Suite 396-6430 44811/Amyborough,(NJ) US",0,White-Wilson
323,HOLNSIL2,GB74QEFV48621954035862,SI,Hotel Tolosa & Asociados S.L.,,1,Hotel Tolosa & Asociados S.L.
324,HOLNSIL2,GB74QEFV48621954035862,SI,Hotel Tolosa & Asociados,,1,Hotel Tolosa & Asociados S.L.
325,HOLNSIL2,GB74QEFV48621954035862,SI,Cifuentes & Asociados S.L.N.E,ugo,1,Cifuentes & Asociados S.L.N.E
326,HOLNSIL2,GB74QEFV48621954035862,SI,Salcedo y asociados S.L.N.E,,1,Salcedo y asociados S.L.N.E
327,HOLNSIL2,GB74QEFV48621954035862,SI,Salcedo y asociados S.L.N.E,,1,Salcedo y asociados S.L.N.E
328,HOLNSIL2,GB74QEFV48621954035862,SI,Zaira Ros Nogueira S.L.L.,,1,Zaira Ros Nogueira S.L.L.
329,HOLNSIL2,GB74QEFV48621954035862,SI,Zaira Ros Nogueira SRL,,1,Zaira Ros Nogueira S.L.L.
330,HOLNSIL2,GB74QEFV48621954035862,SI,Zaira- Ros Nogueira S.R.L.,,1,Zaira Ros Nogueira S.L.L.
331,HOLNSIL2,GB74QEFV48621954035862,SI,Zaira Ros Nogueira S.r.L,,1,Zaira Ros Nogueira S.L.L.
332,HOLNSIL2,GB74QEFV48621954035862,SI,Zaira Ros Nogueira,"Glorieta de Fátima Noriega  30  Granada,18913",1,Zaira Ros Nogueira S.L.L.
333,HOLNSIL2,GB74QEFV48621954035862,SI,Zaira Ros Nogueira S  r l,18913 Glorieta de Fátima Noriega/Granada,1,Zaira Ros Nogueira S.L.L.
334,HOLNSIL2,GB74QEFV48621954035862,SI,Zaira Ros Nogueira,&&,1,Zaira Ros Nogueira S.L.L.
335,HOLNSIL2,GB74QEFV48621954035862,SI,Minería MOK S.L.N.E,# #,1,Minería MOK S.L.N.E
336,IOPFNPCB,FR9744982789874384504252154,NP,Rose,,1,Rose
337,IOPFNPCB,FR9744982789874384504252154,NP,Rose  Limited,,1,Rose
338,IOPFNPCB,FR9744982789874384504252154,NP,Rose Limited,69543 Hechingen,1,Rose
339,IOPFNPCB,FR9744982789874384504252154,NP,Rose Limited,,1,Rose
340,IOPFNPCB,FR9744982789874384504252154,NP,Rose Limited,&&,1,Rose
341,IOPFNPCB,FR9744982789874384504252154,NP,Rose Limited,,1,Rose
342,IOPFNPCB,FR9744982789874384504252154,NP,Rose Limited,Hechingen Germany,1,Rose
343,IOPFNPCB,FR9744982789874384504252154,NP,Rose  Limited,.  .,1,Rose
344,IOPFNPCB,FR9744982789874384504252154,NP,"Rose,Limited",,1,Rose
345,IOPFNPCB,FR9744982789874384504252154,NP,Rose Limited,,1,Rose
346,IOPFNPCB,FR9744982789874384504252154,NP,Reuter GbR,,1,Reuter GbR
347,IOPFNPCB,FR9744982789874384504252154,NP,Karge,Alwina-Reinhardt-Ring/Duderstadt Duderstadt  ermany,1,Karge
348,SNIWAZQF,GB72CZSK17390858611073,AZ,Lima,PE Rodovia Rezende  SantaAmelia,0,Lima
349,SNIWAZQF,GB72CZSK17390858611073,AZ,Lima,Brazil,0,Lima
350,SNIWAZQF,GB72CZSK17390858611073,AZ,Lima,,0,Lima
351,WVYRROKU,GB25MNLT88620353177979,RO,Russell-Gilbert,,0,Russell-Gilbert
352,WVYRROKU,GB25MNLT88620353177979,RO,Russell Gilbert SpA ,7 Talbot via  Lucyburgh  NP7A 1JF,0,Russell-Gilbert
353,WVYRROKU,GB25MNLT88620353177979,RO,Russell Gilbert,United Kingdom,0,Russell-Gilbert
354,WVYRROKU,GB25MNLT88620353177979,RO,Russell Gilbert S.U.,,0,Russell-Gilbert
355,WVYRROKU,GB25MNLT88620353177979,RO,Russell Gilbert/,Talbot via  7-Lucyburgh GB,0,Russell-Gilbert
356,WVYRROKU,GB25MNLT88620353177979,RO,Russell. Gilbert S.P.A.,,0,Russell-Gilbert
357,WVYRROKU,GB25MNLT88620353177979,RO,Russell Gilbert S.C.,,0,Russell-Gilbert
358,WVYRROKU,GB25MNLT88620353177979,RO,Russell Gilbert S.p.A.,,0,Russell-Gilbert
359,WVYRROKU,GB25MNLT88620353177979,RO,Russell Gilbert,Lucyburgh United Kingdom,0,Russell-Gilbert
360,WVYRROKU,GB25MNLT88620353177979,RO,Russell Gilbert,Talbot vi  7  Lucyburgh United Kingdom,0,Russell-Gilbert
361,WVYRROKU,GB25MNLT88620353177979,RO,Russell Gilbert SA,"7,Talbot via  Lucyburgh  NP7A 1JF",0,Russell-Gilbert
362,WVYRROKU,GB25MNLT88620353177979,RO,Russell  Gilbert SPA,,0,Russell-Gilbert
363,QUYSVCTQ,IT06Q8387758247965489620271,VC,CGI Nederland,,0,CGI Nederland
364,QUYSVCTQ,IT06Q8387758247965489620271,VC,CGI Nederland S.C.A.R.L,Felinelaan  Sint Jansklooster/Sint ansklooster-Netherlands,0,CGI Nederland
365,QUYSVCTQ,IT06Q8387758247965489620271,VC,CGI Nederland S.c.a.r.l,Felinelaan  Sint Jansklooster  Sint Jansklooster  Netherlands,0,CGI Nederland
366,QUYSVCTQ,IT06Q8387758247965489620271,VC,CGI  Nederland S.C.A.R.L,Netherlands,0,CGI Nederland
367,QUYSVCTQ,IT06Q8387758247965489620271,VC,CGI Nederland SCARL,,0,CGI Nederland
368,QUYSVCTQ,IT06Q8387758247965489620271,VC,CGI Nederland S.C.A.R.L.,,0,CGI Nederland
369,QUYSVCTQ,IT06Q8387758247965489620271,VC,CGI Nederland,,0,CGI Nederland
370,QUYSVCTQ,IT06Q8387758247965489620271,VC,CGI Nederland S.c.a.r.l,,0,CGI Nederland
371,QUYSVCTQ,IT06Q8387758247965489620271,VC,CGI Nederland S.C.A.R.L.,,0,CGI Nederland
372,QUYSVCTQ,IT06Q8387758247965489620271,VC,CGI Nederland S.C.A.R.L,,0,CGI Nederland
373,QUYSVCTQ,IT06Q8387758247965489620271,VC,CGI Nederland.  S.C.A.R.L.,,0,CGI Nederland
374,YVMFMFXH,GB38OVAY65616620894710,MF,"Conway, Francis and Williams",,1,"Conway, Francis and Williams"
375,YVMFMFXH,GB38OVAY65616620894710,MF,"Patel, Ward and Stevens",Lindsey trace02/Lake Annview/United Kingdom,1,"Patel, Ward and Stevens"
376,YVMFMFXH,GB38OVAY65616620894710,MF,"Patel,/Ward Inds.",,1,"Patel, Ward and Stevens"
377,YVMFMFXH,GB38OVAY65616620894710,MF,"Patel,  Ward",,1,"Patel, Ward and Stevens"
378,YVMFMFXH,GB38OVAY65616620894710,MF,"Patel,. Ward Inds Stevens",,1,"Patel, Ward and Stevens"
379,AJERGFH0,GB51ZEWO68363160014094,GF,Baglioni e figli,,0,Baglioni e figli
380,AJERGFH0,GB51ZEWO68363160014094,GF,Baglioni .e - figli,,0,Baglioni e figli
381,AJERGFH0,GB51ZEWO68363160014094,GF,Baglioni. e,,0,Baglioni e figli
382,AJERGFH0,GB51ZEWO68363160014094,GF,Baglioni - e/figli,,0,Baglioni e figli
383,AJERGFH0,GB51ZEWO68363160014094,GF,"Baglioni,e- figli","BorgoPigafettaStimigliano Scalo,RI Italia",0,Baglioni e figli
384,AJERGFH0,GB51ZEWO68363160014094,GF,Baglioni-e. figli,,0,Baglioni e figli
385,AJERGFH0,GB51ZEWO68363160014094,GF,Baglioni. e.figli,,0,Baglioni e figli
386,AJERGFH0,GB51ZEWO68363160014094,GF,Baglioni.e - figli,,0,Baglioni e figli
387,AJERGFH0,GB51ZEWO68363160014094,GF,Baglioni.e-figli,,0,Baglioni e figli
388,AJERGFH0,GB51ZEWO68363160014094,GF,Baglioni/e-figli,,0,Baglioni e figli
389,QELHPNNS,GB96EQIO74445650965195,PN,Eberth KGaA,,1,Eberth KGaA
390,QELHPNNS,GB96EQIO74445650965195,PN,Eberth KGaA,,1,Eberth KGaA
391,QELHPNNS,GB96EQIO74445650965195,PN,Eberth KGaA,Arnim-Möchlichen-Platz 4/5-92565-Zerbst,1,Eberth KGaA
392,QELHPNNS,GB96EQIO74445650965195,PN,Kruschwitz,,1,Kruschwitz
393,QELHPNNS,GB96EQIO74445650965195,PN,Kruschwitz Ind.,,1,Kruschwitz
394,QELHPNNS,GB96EQIO74445650965195,PN,Kruschwitz S.N.C.,,1,Kruschwitz
395,QELHPNNS,GB96EQIO74445650965195,PN,Kruschwitz S.N.C.,"Jungferstr.,EbersbergEbersberg DE",1,Kruschwitz
396,QELHPNNS,GB96EQIO74445650965195,PN,Kruschwitz/Industries,,1,Kruschwitz
397,QELHPNNS,GB96EQIO74445650965195,PN,Kruschwitz,Ebersberg Jungferst. Ebersberg,1,Kruschwitz
398,QELHPNNS,GB96EQIO74445650965195,PN,Kruschwitz Inc.,"Jungferstr.,24  45112 Ebersberg",1,Kruschwitz
399,QELHPNNS,GB96EQIO74445650965195,PN,Schlosser Margraf GmbH,,1,Schlosser Margraf GmbH
400,QELHPNNS,GB96EQIO74445650965195,PN,Krein GmbH,,1,Krein GmbH
401,QELHPNNS,GB96EQIO74445650965195,PN,Krein-GmbH,,1,Krein GmbH
402,QELHPNNS,GB96EQIO74445650965195,PN,Krein GmbH SAS,,1,Krein GmbH
403,QELHPNNS,GB96EQIO74445650965195,PN,Krein  GmbH S.A.S,,1,Krein GmbH
404,QELHPNNS,GB96EQIO74445650965195,PN,Bärer,Günter-Schacht-Gasse  1  83101-Ilmenau,1,Bärer
405,QELHPNNS,GB96EQIO74445650965195,PN,Bä-er,Günter-Schacht-Gasse Ilmenau Ilmenau Germany,1,Bärer
406,QELHPNNS,GB96EQIO74445650965195,PN,Bäre-,Gerany,1,Bärer
407,SUVXILLY,FR9728828069285103594434396,IL,"Pope, O'Sullivan and Bond",,1,"Pope, O'Sullivan and Bond"
408,SUVXILLY,FR9728828069285103594434396,IL,"Pope, O'Sullivan/Inds.",,1,"Pope, O'Sullivan and Bond"
409,SUVXILLY,FR9728828069285103594434396,IL,"Pope,. O'Sullivan",South Kellyberg,1,"Pope, O'Sullivan and Bond"
410,SUVXILLY,FR9728828069285103594434396,IL,"Pope, O'Sullivan",United Kingdom,1,"Pope, O'Sullivan and Bond"
411,SUVXILLY,FR9728828069285103594434396,IL,"Pope, O'Sullivan Inds Bond",Morton freeway/SouthKellyberg United Kingdom,1,"Pope, O'Sullivan and Bond"
412,SUVXILLY,FR9728828069285103594434396,IL,"Pope, O'Sullivan .Ind. Bond",,1,"Pope, O'Sullivan and Bond"
413,SUVXILLY,FR9728828069285103594434396,IL,"Pope,  O'Sullivan",South Kellyberg GB,1,"Pope, O'Sullivan and Bond"
414,SUVXILLY,FR9728828069285103594434396,IL,"Pope, O'Sullivan Inds. Bond",,1,"Pope, O'Sullivan and Bond"
415,SUVXILLY,FR9728828069285103594434396,IL,"Pope, O'Sullivan-",,1,"Pope, O'Sullivan and Bond"
416,SUVXILLY,FR9728828069285103594434396,IL,"Pope, O'Sullivan",Morton freeway South KellybergGB,1,"Pope, O'Sullivan and Bond"
417,SUVXILLY,FR9728828069285103594434396,IL,"Pope, O'Sullivan",,1,"Pope, O'Sullivan and Bond"
418,SUVXILLY,FR9728828069285103594434396,IL,"Osborne, Mann and Marshall",L5B 6HT South Lynne,1,"Osborne, Mann and Marshall"
419,SUVXILLY,FR9728828069285103594434396,IL,"Osborne, Mann Inds Marshall",,1,"Osborne, Mann and Marshall"
420,SUVXILLY,FR9728828069285103594434396,IL,"Osborne, Mann-",Holt flatSouth Lynne,1,"Osborne, Mann and Marshall"
421,SUVXILLY,FR9728828069285103594434396,IL,Brown Inc,,1,Brown Inc
422,SUVXILLY,FR9728828069285103594434396,IL,Brown Industries,,1,Brown Inc
423,SUVXILLY,FR9728828069285103594434396,IL,Brown Inds.,,1,Brown Inc
424,SUVXILLY,FR9728828069285103594434396,IL,Brown Inds.,,1,Brown Inc
425,SUVXILLY,FR9728828069285103594434396,IL,Wood-Barnett,,1,Wood-Barnett
426,UBRZAZJF,GB42YWWK11303443225625,AZ,Middleton Inc,"Glen valley Annbury,United Kingdom",0,Middleton Inc
427,UBRZAZJF,GB42YWWK11303443225625,AZ,Middleton Inds.,Glen valley  Annbury,0,Middleton Inc
428,UBRZAZJF,GB42YWWK11303443225625,AZ,Middleton,Glen valley Annbury,0,Middleton Inc
429,UBRZAZJF,GB42YWWK11303443225625,AZ,Middleton Industries,,0,Middleton Inc
430,VTJXTDTM,IT51K8509808070245634705758,TD,Cordier,03657Bertin,1,Cordier
431,VTJXTDTM,IT51K8509808070245634705758,TD,Bazin Rolland S.A.,,1,Bazin Rolland S.A.
432,VTJXTDTM,IT51K8509808070245634705758,TD,Labbé S.A.R.L.,Saint Jérômeboeuf,1,Labbé S.A.R.L.
433,VTJXTDTM,IT51K8509808070245634705758,TD,Labbé SCARL,,1,Labbé S.A.R.L.
434,VTJXTDTM,IT51K8509808070245634705758,TD,Leblanc,"chemin Pénélope Gonzalez  19 Weiss,Weiss  France",1,Leblanc
435,VTJXTDTM,IT51K8509808070245634705758,TD,Pereira SA,boulevard Dumont/36 Saint AuusteSaint AugusteFrance,1,Pereira SA
436,VTJXTDTM,IT51K8509808070245634705758,TD,Coulon,,1,Coulon
437,PZAPPTAJ,GB18IMTA06685483390389,PT,Santamaria y asociados S.A.,,0,Santamaria y asociados S.A.
438,WDHBSJFU,NL31IFOB2390107325,SJ,Fogaça,,1,Fogaça
439,WDHBSJFU,NL31IFOB2390107325,SJ,Souza,& &,1,Souza
440,WDHBSJFU,NL31IFOB2390107325,SJ,Souza SAPA,Alameda Juliana Santos/70 Sauade  33200-553 Lima/CE,1,Souza
441,WDHBSJFU,NL31IFOB2390107325,SJ,Souza S.A.P.A.,& & &&,1,Souza
442,WDHBSJFU,NL31IFOB2390107325,SJ,da Mata,,1,da Mata
443,WDHBSJFU,NL31IFOB2390107325,SJ,Silveira Barros e Filhos,Santa Cruz,1,Silveira Barros e Filhos
444,WDHBSJFU,NL31IFOB2390107325,SJ,Campos,Gameleira Brazil,1,Campos
445,WDHBSJFU,NL31IFOB2390107325,SJ,Duarte,01561994 Pereira do Galho  Novo São Lucas,1,Duarte
446,WDHBSJFU,NL31IFOB2390107325,SJ,da Rosa,,1,da Rosa
447,GGBVDZQR,GB62KSDH26506674023486,DZ,Robin,"rue de Payet  88 Roussel,Roussel  FR",1,Robin
448,GGBVDZQR,GB62KSDH26506674023486,DZ,Robin,Roussel France,1,Robin
449,GGBVDZQR,GB62KSDH26506674023486,DZ,Robin S.P.A.,Roussel,1,Robin
450,GGBVDZQR,GB62KSDH26506674023486,DZ,Robin,,1,Robin
451,GGBVDZQR,GB62KSDH26506674023486,DZ,Robin S.P.A.,,1,Robin
452,GGBVDZQR,GB62KSDH26506674023486,DZ,Delattre S.A.,Saint Océanenec boulevard de Costa  Saint Océanenec,1,Delattre S.A.
453,GGBVDZQR,GB62KSDH26506674023486,DZ,Delattre SA,,1,Delattre S.A.
454,GGBVDZQR,GB62KSDH26506674023486,DZ,Courtois S.A.,Gomes FR,1,Courtois S.A.
455,GGBVDZQR,GB62KSDH26506674023486,DZ,Gomez,Leclercq FR,1,Gomez
456,GGBVDZQR,GB62KSDH26506674023486,DZ,Gomez,,1,Gomez
457,GGBVDZQR,GB62KSDH26506674023486,DZ,Gomez Ind,,1,Gomez
458,GGBVDZQR,GB62KSDH26506674023486,DZ,Gomez/,"rue de Torres  652 Leclercq,Leclercq FR",1,Gomez
459,GGBVDZQR,GB62KSDH26506674023486,DZ,Gomez Industries,652ue de Torres-51336-Leclercq,1,Gomez
460,GGBVDZQR,GB62KSDH26506674023486,DZ,Gomez Inds.,,1,Gomez
461,GGBVDZQR,GB62KSDH26506674023486,DZ,Gomez,Leclercq,1,Gomez
462,GGBVDZQR,GB62KSDH26506674023486,DZ,Gomez-Inds,,1,Gomez
463,GGBVDZQR,GB62KSDH26506674023486,DZ,Gomez Ind,,1,Gomez
464,GGBVDZQR,GB62KSDH26506674023486,DZ,Gomez Industries,Leclercq,1,Gomez
465,GGBVDZQR,GB62KSDH26506674023486,DZ,Gomez Inds.,"rue de Torres,652 Leclercq  Leclercq France",1,Gomez
466,EHUDMULR,GB93YNJL48807838826625,MU,Heser Trub AG,,0,Heser Trub AG
467,EHUDMULR,GB93YNJL48807838826625,MU,Heser Trub AG,Darmstadt Germany,0,Heser Trub AG
468,EHUDMULR,GB93YNJL48807838826625,MU,Heser Trub AG,,0,Heser Trub AG
469,EHUDMULR,GB93YNJL48807838826625,MU,Heser Trub AG,,0,Heser Trub AG
470,EHUDMULR,GB93YNJL48807838826625,MU,Heser Trub AG,Darmstadt Germany,0,Heser Trub AG
471,EHUDMULR,GB93YNJL48807838826625,MU,Heser Trub AG,Trübring Darmstadt Darmstadt-Germany,0,Heser Trub AG
472,EHUDMULR,GB93YNJL48807838826625,MU,Heser Trub .AG,,0,Heser Trub AG
473,EHUDMULR,GB93YNJL48807838826625,MU,Heser Trub AG,Darmstadt Trübring Darmstadt,0,Heser Trub AG
474,CSSNSSSS,GB03IPGY81144422715162,SS,Pires S.A.,,1,Pires S.A.
475,CSSNSSSS,GB03IPGY81144422715162,SS,Lima,&&,1,Lima
476,CSSNSSSS,GB03IPGY81144422715162,SS,Lima S.C.,,1,Lima
477,CSSNSSSS,GB03IPGY81144422715162,SS,Lima,,1,Lima
478,CSSNSSSS,GB03IPGY81144422715162,SS,Lima S.C.,Cinquentenário,1,Lima
479,CSSNSSSS,GB03IPGY81144422715162,SS,Barbosa,,1,Barbosa
480,DZEDAMXI,GB94OSGO14220772755396,AM,Buisson,55338-Durand,0,Buisson
481,DZEDAMXI,GB94OSGO14220772755396,AM,Buisson Services,Durand,0,Buisson
482,DZEDAMXI,GB94OSGO14220772755396,AM,Buisson Services,,0,Buisson
483,DZEDAMXI,GB94OSGO14220772755396,AM,Buisson Services,,0,Buisson
484,DZEDAMXI,GB94OSGO14220772755396,AM,Buisson Svcs,boulevrd Antoine Maury-Durand Durand France,0,Buisson
485,DZEDAMXI,GB94OSGO14220772755396,AM,Buisson-Sv,France,0,Buisson
486,DZEDAMXI,GB94OSGO14220772755396,AM,Buisson Sv,"Durand,boulevard Antoine Maury/Durnd",0,Buisson
487,DZEDAMXI,GB94OSGO14220772755396,AM,Buisson Sv,,0,Buisson
488,DZEDAMXI,GB94OSGO14220772755396,AM,Buisson Services,Durand FR,0,Buisson
489,MLHSEHOX,ES3182026348244168981591,EH,Ubaldi s.r.l.,23886 Nava,1,Ubaldi s.r.l.
490,MLHSEHOX,ES3182026348244168981591,EH,Ubaldi SRL SAPA,Nava,1,Ubaldi s.r.l.
491,MLHSEHOX,ES3182026348244168981591,EH,Ubaldi S.R.L. SAPA,Contrada Annetta Nava Italia,1,Ubaldi s.r.l.
492,MLHSEHOX,ES3182026348244168981591,EH,Ubaldi  s.r.l.,"Contrada Annetta,Nava LC/IT",1,Ubaldi s.r.l.
493,MLHSEHOX,ES3182026348244168981591,EH,Ubaldi S r l SAPA,23886 Nava,1,Ubaldi s.r.l.
494,MLHSEHOX,ES3182026348244168981591,EH,Ubaldi s.r.l.,,1,Ubaldi s.r.l.
495,MLHSEHOX,ES3182026348244168981591,EH,Ubaldi S.R.L. SAPA,,1,Ubaldi s.r.l.
496,MLHSEHOX,ES3182026348244168981591,EH,"Ubaldi,",,1,Ubaldi s.r.l.
497,MLHSEHOX,ES3182026348244168981591,EH,Ubaldi,Nava,1,Ubaldi s.r.l.
498,MLHSEHOX,ES3182026348244168981591,EH,Ubaldi.s.r.l.,,1,Ubaldi s.r.l.
499,MLHSEHOX,ES3182026348244168981591,EH,Ubaldi s.r.l.,,1,Ubaldi s.r.l.
500,MLHSEHOX,ES3182026348244168981591,EH,Ubaldi s.r.l. Società per Azioni,,1,Ubaldi s.r.l.
501,MLHSEHOX,ES3182026348244168981591,EH,"Ubaldi s.r.l.,",,1,Ubaldi s.r.l.
502,MLHSEHOX,ES3182026348244168981591,EH,Ubaldi,,1,Ubaldi s.r.l.
503,MLHSEHOX,ES3182026348244168981591,EH,Ubaldi s.r.l.,"Contrada Annetta,Nava",1,Ubaldi s.r.l.
504,MLHSEHOX,ES3182026348244168981591,EH,Ubaldi s.r.l. S.p.A.,Contrada Annetta Nva,1,Ubaldi s.r.l.
505,MLHSEHOX,ES3182026348244168981591,EH,Ubaldi.s.r.l.,,1,Ubaldi s.r.l.
506,MLHSEHOX,ES3182026348244168981591,EH,Ubaldi,,1,Ubaldi s.r.l.
507,MLHSEHOX,ES3182026348244168981591,EH,"Zaccagnini, Einaudi e Mennea e figli","Strada Letizia,Monteroduni (IS) Italia",1,"Zaccagnini, Einaudi e Mennea e figli"
508,AKRSGGLM,GB31YDJA92695017084555,GG,Valdez and Sons,,0,Valdez and Sons
509,AKRSGGLM,GB31YDJA92695017084555,GG,Valdez,,0,Valdez and Sons
510,RCOBAUR2,NL51WKAE6661888415,AU,Tessier,,1,Tessier
511,RCOBAUR2,NL51WKAE6661888415,AU,Maury,,1,Maury
512,RCOBAUR2,NL51WKAE6661888415,AU,Letellier,France,1,Letellier
513,RCOBAUR2,NL51WKAE6661888415,AU,Letellier,rue Delahaye Leduc-ur-Girard/Leduc-sur-Girard France,1,Letellier
514,RCOBAUR2,NL51WKAE6661888415,AU,Letellier/S.u. r l,Leduc-sur-Girard France,1,Letellier
515,RCOBAUR2,NL51WKAE6661888415,AU,Letellier.S.a.-r l,,1,Letellier
516,RCOBAUR2,NL51WKAE6661888415,AU,Letellier/,,1,Letellier
517,RCOBAUR2,NL51WKAE6661888415,AU,Letellier,,1,Letellier
518,RCOBAUR2,NL51WKAE6661888415,AU,Letellier,,1,Letellier
519,RCOBAUR2,NL51WKAE6661888415,AU,Letellier S.c r l,,1,Letellier
520,RCOBAUR2,NL51WKAE6661888415,AU,Letellier S.c. r l,"rue Delahaye Leduc-sur-Girard Leduc-sur-Girard,Frnce",1,Letellier
521,RCOBAUR2,NL51WKAE6661888415,AU,Letellier S.C r l,,1,Letellier
522,RCOBAUR2,NL51WKAE6661888415,AU,Letellier .S.u. r l,,1,Letellier
523,RCOBAUR2,NL51WKAE6661888415,AU,Letellier S.a. r l,,1,Letellier
524,EJWGKPAA,IT69E6027792450367777436727,KP,"Sibilia, Bataglia e Salandra s.r.l.",X,1,"Sibilia, Bataglia e Salandra s.r.l."
525,EJWGKPAA,IT69E6027792450367777436727,KP,"Spanevello, Toso e Calbo SPA",,1,"Spanevello, Toso e Calbo SPA"
526,EJWGKPAA,IT69E6027792450367777436727,KP,"Spanevello, Toso e.Calbo",,1,"Spanevello, Toso e Calbo SPA"
527,EJWGKPAA,IT69E6027792450367777436727,KP,Florio-Cammarata e figli,,1,Florio-Cammarata e figli
528,EJWGKPAA,IT69E6027792450367777436727,KP,Florio Cammarata - e.figli S.C.A.R.L.,Strada Gabriele-Piano 6/Castrovillari Italia,1,Florio-Cammarata e figli
529,EJWGKPAA,IT69E6027792450367777436727,KP,Florio Cammarata e figli-,,1,Florio-Cammarata e figli
530,EJWGKPAA,IT69E6027792450367777436727,KP,Florio Cammarata e figli,,1,Florio-Cammarata e figli
531,EJWGKPAA,IT69E6027792450367777436727,KP,Florio Cammarata e figli,Castrvillari Italia,1,Florio-Cammarata e figli
532,EJWGKPAA,IT69E6027792450367777436727,KP,Florio - Cammarata e figli,,1,Florio-Cammarata e figli
533,EJWGKPAA,IT69E6027792450367777436727,KP,Florio Cammarata e figli,"Strada Gabriele  126,Piano 6 87012Castrovillari CS",1,Florio-Cammarata e figli
534,EJWGKPAA,IT69E6027792450367777436727,KP,Florio  Cammarata e/figli S.c.a.r.l.,Castrovillari Italia,1,Florio-Cammarata e figli
535,EJWGKPAA,IT69E6027792450367777436727,KP,Ricolfi s.r.l.,,1,Ricolfi s.r.l.
536,EJWGKPAA,IT69E6027792450367777436727,KP,"Galvani, Mazzocchi e Rossetti SPA",,1,"Galvani, Mazzocchi e Rossetti SPA"
537,FDEXTGGO,FR8837024673267280908681383,TG,Drewes,Jenny-Wilm-Weg FreisingFreising  Germany,1,Drewes
538,FDEXTGGO,FR8837024673267280908681383,TG,Drewes,Freising German,1,Drewes
539,FDEXTGGO,FR8837024673267280908681383,TG,.rewes,Freising Germany,1,Drewes
540,FDEXTGGO,FR8837024673267280908681383,TG,Stey GmbH,Parsberg,1,Stey GmbH
541,FDEXTGGO,FR8837024673267280908681383,TG,Baum Holsten GbR,,1,Baum Holsten GbR
542,FDEXTGGO,FR8837024673267280908681383,TG,Baum - Holsten/GbR,Simon-Gehringer-Straße Wurzen  Wurzen  Germany,1,Baum Holsten GbR
543,FDEXTGGO,FR8837024673267280908681383,TG,Baum - Holsten-GbR,,1,Baum Holsten GbR
544,FDEXTGGO,FR8837024673267280908681383,TG,Baum  .Holsten,,1,Baum Holsten GbR
545,FDEXTGGO,FR8837024673267280908681383,TG,Baum. Holsten .GbR,,1,Baum Holsten GbR
546,FDEXTGGO,FR8837024673267280908681383,TG,"Baum,Holsten",,1,Baum Holsten GbR
547,FDEXTGGO,FR8837024673267280908681383,TG,Baum.Holsten,,1,Baum Holsten GbR
548,FDEXTGGO,FR8837024673267280908681383,TG,Baum.Holsten.GbR,Wurzen Simon-Gehringer-Straße/Wurzen,1,Baum Holsten GbR
549,FDEXTGGO,FR8837024673267280908681383,TG,Baum .Holsten,_ __ _,1,Baum Holsten GbR
550,FDEXTGGO,FR8837024673267280908681383,TG,Baum - Holsten .GbR,Simon-Gehringer-Straße  Wurzen  Wurzen-Germany,1,Baum Holsten GbR
551,FDEXTGGO,FR8837024673267280908681383,TG,Baum  .Holsten .GbR,Wurzen Germany,1,Baum Holsten GbR
552,FDEXTGGO,FR8837024673267280908681383,TG,Baum/Holsten,,1,Baum Holsten GbR
553,FDEXTGGO,FR8837024673267280908681383,TG,"Baum-Holsten,GbR",Simon-Gehringer-Straße Wurzen Wurzen/Germany,1,Baum Holsten GbR
554,FDEXTGGO,FR8837024673267280908681383,TG,Baum .Holsten/GbR,,1,Baum Holsten GbR
555,QTKKLTKR,GB92IWXI91913868020069,LT,Grupo Sainz S.L.,Badajoz ES,0,Grupo Sainz S.L.
556,QTKKLTKR,GB92IWXI91913868020069,LT,Grupo Sainz S.C,,0,Grupo Sainz S.L.
557,QTKKLTKR,GB92IWXI91913868020069,LT,Grupo Sainz,,0,Grupo Sainz S.L.
558,QTKKLTKR,GB92IWXI91913868020069,LT,Grupo Sainz S.c,,0,Grupo Sainz S.L.
559,QTKKLTKR,GB92IWXI91913868020069,LT,Grupo Sainz,,0,Grupo Sainz S.L.
560,QTKKLTKR,GB92IWXI91913868020069,LT,Grupo Sainz S.U.,,0,Grupo Sainz S.L.
561,QTKKLTKR,GB92IWXI91913868020069,LT,Grupo Sainz - S.C.,Badajoz Spain,0,Grupo Sainz S.L.
562,QTKKLTKR,GB92IWXI91913868020069,LT,Grupo Sainz,,0,Grupo Sainz S.L.
563,QTKKLTKR,GB92IWXI91913868020069,LT,Grupo  Sainz-,Spin,0,Grupo Sainz S.L.
564,QTKKLTKR,GB92IWXI91913868020069,LT,Grupo Sainz,47030 Badajoz,0,Grupo Sainz S.L.
565,QTKKLTKR,GB92IWXI91913868020069,LT,Grupo Sainz,Glorieta de María Jesús Anguita47030 Bdajoz Span,0,Grupo Sainz S.L.
566,QTKKLTKR,GB92IWXI91913868020069,LT,Grupo Sainz S.C,,0,Grupo Sainz S.L.
567,QTKKLTKR,GB92IWXI91913868020069,LT,Grupo  Sainz,,0,Grupo Sainz S.L.
568,QTKKLTKR,GB92IWXI91913868020069,LT,Grupo  Sainz,Glorieta de María Jesús Anguita 47030 Badajoz  Spain,0,Grupo Sainz S.L.
569,QTKKLTKR,GB92IWXI91913868020069,LT,Grupo  Sainz,,0,Grupo Sainz S.L.
570,QTKKLTKR,GB92IWXI91913868020069,LT,Grupo Sainz S.C,,0,Grupo Sainz S.L.
571,YDFMMFSS,FR2234525918002028223631824,MF,Oliveira,Favela de Silva Via Aeroporto Jaraguá  70657508 Araújo da Mata AL,1,Oliveira
572,YDFMMFSS,FR2234525918002028223631824,MF,Peixoto,--  - -,1,Peixoto
573,YDFMMFSS,FR2234525918002028223631824,MF,da Rocha,,1,da Rocha
574,YDFMMFSS,FR2234525918002028223631824,MF,Santos,Nova Esperança BR,1,Santos
575,YDFMMFSS,FR2234525918002028223631824,MF,Barros,,1,Barros
576,YDFMMFSS,FR2234525918002028223631824,MF,Barros  S.U.,,1,Barros
577,YDFMMFSS,FR2234525918002028223631824,MF,Monteiro Pereira e Filhos,,1,Monteiro Pereira e Filhos
578,BKKVNRDD,DE96362618970296173822,NR,Hess Group,,1,Hess Group
579,BKKVNRDD,DE96362618970296173822,NR,Reese May,,1,Reese-May
580,BKKVNRDD,DE96362618970296173822,NR,Reese May Ind.,75251 West Charleshaven,1,Reese-May
581,BKKVNRDD,DE96362618970296173822,NR,Reese May,West Charleshaven S,1,Reese-May
582,BKKVNRDD,DE96362618970296173822,NR,Reese May,,1,Reese-May
583,BKKVNRDD,DE96362618970296173822,NR,Reese May,Rebecca Rapids798 75251/West Charleshaven United States,1,Reese-May
584,BKKVNRDD,DE96362618970296173822,NR,Reese  May,,1,Reese-May
585,BKKVNRDD,DE96362618970296173822,NR,Reese. May - Ind,,1,Reese-May
586,BKKVNRDD,DE96362618970296173822,NR,Reese May .,,1,Reese-May
587,BKKVNRDD,DE96362618970296173822,NR,Reese May Industries,,1,Reese-May
588,BKKVNRDD,DE96362618970296173822,NR,Reese May Industries,798/Rebecca Rapids-West Charleshaven-MT 75251,1,Reese-May
589,BKKVNRDD,DE96362618970296173822,NR,Bailey Ltd,,1,Bailey Ltd
590,BKKVNRDD,DE96362618970296173822,NR,"Brooks, Murray and Ochoa","Ellen Springs,65579 20094 Lake Kendra  OR Unted States",1,"Brooks, Murray and Ochoa"
591,BKKVNRDD,DE96362618970296173822,NR,"Brooks, Murray",Lake Kendra US,1,"Brooks, Murray and Ochoa"
592,BKKVNRDD,DE96362618970296173822,NR,"Brooks, Murray Inds Ochoa",Ellen Springs 65579 20094  Lake Kendra  United States,1,"Brooks, Murray and Ochoa"
593,BKKVNRDD,DE96362618970296173822,NR,"Brooks, Murray Ind. Ochoa",65579 Ellen SpringsLake Kendra OR 20094,1,"Brooks, Murray and Ochoa"
594,BKKVNRDD,DE96362618970296173822,NR,"Brooks, Murray",Ellen Springs65579 20094Lake Kendra-(OR) United States,1,"Brooks, Murray and Ochoa"
595,RDRTECYN,ES2420907108748315298188,EC,Anders,,1,Anders
596,RDRTECYN,ES2420907108748315298188,EC,Kohl Wende GmbH & Co. KGaA,"Rolf-Hellwig-Straße Schwabmünchen,Schwabmünchen  Germany",1,Kohl Wende GmbH & Co. KGaA
597,RDRTECYN,ES2420907108748315298188,EC,Kohl Wende GmbH &,,1,Kohl Wende GmbH & Co. KGaA
598,RDRTECYN,ES2420907108748315298188,EC,Kohl Wende GmbH & KGaA,,1,Kohl Wende GmbH & Co. KGaA
599,RDRTECYN,ES2420907108748315298188,EC,Kohl Wende GmbH & Company KGaA,Schwabmünchen  Rolf-Hellwig-Straß Schwabmünchen,1,Kohl Wende GmbH & Co. KGaA
600,RDRTECYN,ES2420907108748315298188,EC,Lorch GbR,,1,Lorch GbR
601,RDRTECYN,ES2420907108748315298188,EC,Zobel,Sara-Oestrovsky-Ring 9/075794Witzenhausen,1,Zobel
602,RDRTECYN,ES2420907108748315298188,EC,Zobel S.u. r l,Sara-Oestrovsky-Ring Witzenhausen  Witzenhausen-Germany,1,Zobel
603,RDRTECYN,ES2420907108748315298188,EC,Zobel S.c r l,,1,Zobel
604,ALCPNGTC,DE56251240792503450227,NG,"Draghi, Tornatore e Fallaci SPA",,0,"Draghi, Tornatore e Fallaci SPA"
605,ALCPNGTC,DE56251240792503450227,NG,"Draghi, Tornatore e Fallaci",Italia,0,"Draghi, Tornatore e Fallaci SPA"
606,ALCPNGTC,DE56251240792503450227,NG,"Draghi, Tornatore e Fallaci SPA",,0,"Draghi, Tornatore e Fallaci SPA"
607,ALCPNGTC,DE56251240792503450227,NG,"Draghi, Tornatore e Fallaci S.a.",Viale Luciano  Piano 0  Casteldelci  RN IT,0,"Draghi, Tornatore e Fallaci SPA"
608,ALCPNGTC,DE56251240792503450227,NG,"Draghi, Tornatore e Fallaci","Piano 0-Viale Luciano,Casteldelci",0,"Draghi, Tornatore e Fallaci SPA"
609,ALCPNGTC,DE56251240792503450227,NG,"Draghi, Tornatore e Fallaci SPA",Viale Luciano/9 Piano 0  47861  CasteldelciRN,0,"Draghi, Tornatore e Fallaci SPA"
610,ALCPNGTC,DE56251240792503450227,NG,"Draghi, Tornatore e Fallaci S.P.A.",Viale Luciano  Piano 0/Casteldelci RN  Itala,0,"Draghi, Tornatore e Fallaci SPA"
611,ALCPNGTC,DE56251240792503450227,NG,"Draghi, Tornatore. e Fallaci S.p.A.",,0,"Draghi, Tornatore e Fallaci SPA"
612,ALCPNGTC,DE56251240792503450227,NG,"Draghi, Tornatore-e Fallaci",,0,"Draghi, Tornatore e Fallaci SPA"
613,ALCPNGTC,DE56251240792503450227,NG,"Draghi, Tornatore e",-,0,"Draghi, Tornatore e Fallaci SPA"
614,ALCPNGTC,DE56251240792503450227,NG,"Draghi, Tornatore e Fallaci","Viale Luciano-Pian 0 Casteldelci,RN,Italia",0,"Draghi, Tornatore e Fallaci SPA"
615,ALCPNGTC,DE56251240792503450227,NG,"Draghi, Tornatore e Fallaci S.a.p.a.",Viale Luciano Piano 0-Csteldelci (RN)  IT,0,"Draghi, Tornatore e Fallaci SPA"
616,ALCPNGTC,DE56251240792503450227,NG,"Draghi, Tornatore e  Fallaci.",,0,"Draghi, Tornatore e Fallaci SPA"
617,ALCPNGTC,DE56251240792503450227,NG,"Draghi, - Tornatore e Fallaci",,0,"Draghi, Tornatore e Fallaci SPA"
618,ALCPNGTC,DE56251240792503450227,NG,"Draghi, Tornatore e Fallaci",,0,"Draghi, Tornatore e Fallaci SPA"
619,ALCPNGTC,DE56251240792503450227,NG,"Draghi, Tornatore e Fallaci  S.P.A.",,0,"Draghi, Tornatore e Fallaci SPA"
620,OSPOSNHR,GB84QRFI32675493594190,SN,Nunes - ME,"Passarela Cauã Rodrigues  PI Monsenor Messias,(I)  Brazil",0,Nunes - ME
621,OSPOSNHR,GB84QRFI32675493594190,SN,Nunes   ME Industries,,0,Nunes - ME
622,OSPOSNHR,GB84QRFI32675493594190,SN,Nunes   . ME-,PI Pssarela Cauã Rodrigues Monsenhor Messias,0,Nunes - ME
623,BOJPTGL0,NL40WDFZ8533632879,TG,Lewis Inc,,0,Lewis Inc
624,BOJPTGL0,NL40WDFZ8533632879,TG,Lewis Inds,,0,Lewis Inc
625,BOJPTGL0,NL40WDFZ8533632879,TG,Lewis,,0,Lewis Inc
626,BOJPTGL0,NL40WDFZ8533632879,TG,Lewis,,0,Lewis Inc
627,BOJPTGL0,NL40WDFZ8533632879,TG,Lewis S.N.C.,,0,Lewis Inc
628,BOJPTGL0,NL40WDFZ8533632879,TG,Lewis Inds,South Jacquelinebury,0,Lewis Inc
629,BOJPTGL0,NL40WDFZ8533632879,TG,Lewis Industries,BB2 6PFSouth Jacquelinebury,0,Lewis Inc
630,BOJPTGL0,NL40WDFZ8533632879,TG,Lewis  Industries,,0,Lewis Inc
631,BOJPTGL0,NL40WDFZ8533632879,TG,Lewis Ind.,Decla freeway South Jacquelinebury  United Kingdom,0,Lewis Inc
632,BOJPTGL0,NL40WDFZ8533632879,TG,Lewis  Inds,,0,Lewis Inc
633,BOJPTGL0,NL40WDFZ8533632879,TG,Lewis Ind.,Declan freeway South acquelinebury GB,0,Lewis Inc
634,BOJPTGL0,NL40WDFZ8533632879,TG,Lewis Inds.,,0,Lewis Inc
635,BOJPTGL0,NL40WDFZ8533632879,TG,Lewis Inds,,0,Lewis Inc
636,BOJPTGL0,NL40WDFZ8533632879,TG,Lewis Inds,Flat 09 Declan freeway South Jacquelinebury-BB2 PF,0,Lewis Inc
637,BOJPTGL0,NL40WDFZ8533632879,TG,Lewis,Declan freeway-South JacquelineburyUnited Kingdom,0,Lewis Inc
638,BOJPTGL0,NL40WDFZ8533632879,TG,Lewis Inc.,United Kingdom,0,Lewis Inc
639,BOJPTGL0,NL40WDFZ8533632879,TG,Lewis Inds,Declan freeway South Jacquelinebury GB,0,Lewis Inc
640,BOJPTGL0,NL40WDFZ8533632879,TG,Lewis,,0,Lewis Inc
641,BOJPTGL0,NL40WDFZ8533632879,TG,Lewis Inc.,Declan freeway South Jacquelinebury,0,Lewis Inc
642,HKKRBJBR,IT57S9215261252083679626825,BJ,Morrison and Sons,,1,Morrison and Sons
643,HKKRBJBR,IT57S9215261252083679626825,BJ,Morrison - Ind. Sons,,1,Morrison and Sons
644,HKKRBJBR,IT57S9215261252083679626825,BJ,Morrison,,1,Morrison and Sons
645,HKKRBJBR,IT57S9215261252083679626825,BJ,Morrison.Ind. Sons,5469Peer Inlet Apt. 051  Smithfort  VA 48928,1,Morrison and Sons
646,HKKRBJBR,IT57S9215261252083679626825,BJ,Morrison.,,1,Morrison and Sons
647,HKKRBJBR,IT57S9215261252083679626825,BJ,Morrison Inds. Sons,,1,Morrison and Sons
648,HKKRBJBR,IT57S9215261252083679626825,BJ,Morrison,Peter Inlet Apt. 051-5469 48928-Smithfort (VA)  United States,1,Morrison and Sons
649,HKKRBJBR,IT57S9215261252083679626825,BJ,Morrison Industries Sons,,1,Morrison and Sons
650,HKKRBJBR,IT57S9215261252083679626825,BJ,Morrison Inds. Sons,"Peter Inlet Apt. 051-5469 48928,Smithfort/VA  United States",1,Morrison and Sons
651,HKKRBJBR,IT57S9215261252083679626825,BJ,Brown-Mason,,1,Brown-Mason
652,HKKRBJBR,IT57S9215261252083679626825,BJ,Jimenez and Sons,,1,Jimenez and Sons
653,QPYNSAO0,NL36PFKE0358875153,SA,Lamb Group,,0,Lamb Group
654,QPYNSAO0,NL36PFKE0358875153,SA,Lamb Gp. Co.,North Simontown GB,0,Lamb Group
655,QPYNSAO0,NL36PFKE0358875153,SA,Lamb,075 Carter glen North Simontown,0,Lamb Group
656,QPYNSAO0,NL36PFKE0358875153,SA,Lamb Group,,0,Lamb Group
657,QPYNSAO0,NL36PFKE0358875153,SA,Lamb,,0,Lamb Group
658,QPYNSAO0,NL36PFKE0358875153,SA,Lamb Group Co.,,0,Lamb Group
659,QPYNSAO0,NL36PFKE0358875153,SA,Lamb Group Company,,0,Lamb Group
660,QPYNSAO0,NL36PFKE0358875153,SA,Lamb Group Co.,United Kingdom,0,Lamb Group
661,QPYNSAO0,NL36PFKE0358875153,SA,Lamb Group Comp.,,0,Lamb Group
662,QPYNSAO0,NL36PFKE0358875153,SA,Lamb Grp Co.,,0,Lamb Group
663,QPYNSAO0,NL36PFKE0358875153,SA,Lamb,,0,Lamb Group
664,QPYNSAO0,NL36PFKE0358875153,SA,Lamb Grp Co.,,0,Lamb Group
665,GFVQMWUZ,GB17WHMN12563665983119,MW,Bosurgi SPA,,0,Bosurgi SPA
666,GFVQMWUZ,GB17WHMN12563665983119,MW,Bosurgi SPA - P.L.C.,,0,Bosurgi SPA
667,GFVQMWUZ,GB17WHMN12563665983119,MW,Bosurgi S.a.- P.L.C.,,0,Bosurgi SPA
668,GFVQMWUZ,GB17WHMN12563665983119,MW,Bosurgi S.a. P.L.C.,,0,Bosurgi SPA
669,DKBHTRLX,NL96TLAW7623711890,TR,Unilever,,0,Unilever
670,DKBHTRLX,NL96TLAW7623711890,TR,Unilever,Marrum NL,0,Unilever
671,DKBHTRLX,NL96TLAW7623711890,TR,Unilever,,0,Unilever
672,DKBHTRLX,NL96TLAW7623711890,TR,Unilever,,0,Unilever
673,DKBHTRLX,NL96TLAW7623711890,TR,Unilever,___,0,Unilever
674,UEZOHNPS,IT55U9843241162533776814771,HN,Costela,,0,Costela
675,BPFVJMUG,GB78KXGM76712380985207,JM,Canova-Tutino s.r.l.,,0,Canova-Tutino s.r.l.
676,BPFVJMUG,GB78KXGM76712380985207,JM,Canova Tutino s.r.l. Pvt. Ltd,,0,Canova-Tutino s.r.l.
677,NNSYMEBP,ES6832494895560677656883,ME,Suministros Miró & Asociados S.A.,ZamoraES,0,Suministros Miró & Asociados S.A.
678,NNSYMEBP,ES6832494895560677656883,ME,Suministros Miró & Asociados,amora,0,Suministros Miró & Asociados S.A.
679,NNSYMEBP,ES6832494895560677656883,ME,Suministros .Miró & Asociados Società per Azioni,,0,Suministros Miró & Asociados S.A.
680,NNSYMEBP,ES6832494895560677656883,ME,Suministros Miró & SAS,Zamra Spain,0,Suministros Miró & Asociados S.A.
681,NNSYMEBP,ES6832494895560677656883,ME,Suministros Miró & Asociados S.P.A.,,0,Suministros Miró & Asociados S.A.
682,NNSYMEBP,ES6832494895560677656883,ME,Suministros Miró & Asociados SA,,0,Suministros Miró & Asociados S.A.
683,NNSYMEBP,ES6832494895560677656883,ME,Suministros Miró & Asociados SpA,,0,Suministros Miró & Asociados S.A.
684,NNSYMEBP,ES6832494895560677656883,ME,Suministros Miró. & Asociados S.U.,41878 Glorieta de Borja Cantón-Zamora,0,Suministros Miró & Asociados S.A.
685,ZFLRBMSR,NL57GQWC3114425319,BM,Hermanos Vara S.L.,,0,Hermanos Vara S.L.
686,ZFLRBMSR,NL57GQWC3114425319,BM,Hermanos Vara,22861 La Coruñ,0,Hermanos Vara S.L.
687,ZFLRBMSR,NL57GQWC3114425319,BM,Hermanos Vara,,0,Hermanos Vara S.L.
688,ZFLRBMSR,NL57GQWC3114425319,BM,Hermanos Vara,Vial de Mamen Marco 22 Piso  22861-La CoruñaSpain,0,Hermanos Vara S.L.
689,ZFLRBMSR,NL57GQWC3114425319,BM,Hermanos - Vara,La Coruña ES,0,Hermanos Vara S.L.
690,ZFLRBMSR,NL57GQWC3114425319,BM,Hermanos Vara SA,La Coruña,0,Hermanos Vara S.L.
691,ZFLRBMSR,NL57GQWC3114425319,BM,Hermanos Vara,22861La Coruña,0,Hermanos Vara S.L.
692,ZFLRBMSR,NL57GQWC3114425319,BM,Hermanos Vara S.U.,- -,0,Hermanos Vara S.L.
693,ZFLRBMSR,NL57GQWC3114425319,BM,Hermanos  Vara-,La Coruña,0,Hermanos Vara S.L.
694,ZFLRBMSR,NL57GQWC3114425319,BM,Hermanos Vara S.C.,,0,Hermanos Vara S.L.
695,ZFLRBMSR,NL57GQWC3114425319,BM,Hermanos  Vara,Vial de Mamn Marco 22 Piso 22861/La Coruña Spain,0,Hermanos Vara S.L.
696,ZFLRBMSR,NL57GQWC3114425319,BM,Hermanos Vara,,0,Hermanos Vara S.L.
697,ZFLRBMSR,NL57GQWC3114425319,BM,Hermanos Vara,,0,Hermanos Vara S.L.
698,ZFLRBMSR,NL57GQWC3114425319,BM,Hermanos Vara,22861/Vial de Mamen Marco 22 Piso/La Coruña,0,Hermanos Vara S.L.
699,ZLGNLVWN,IT11U6058064061381097777955,LV,Dippel AG,Badalzungen,0,Dippel AG
700,ZLGNLVWN,IT11U6058064061381097777955,LV,Dippel AG Inds.,,0,Dippel AG
701,ZLGNLVWN,IT11U6058064061381097777955,LV,Dippel AG  Ind.,,0,Dippel AG
702,ZLGNLVWN,IT11U6058064061381097777955,LV,Dippel AG Ind,,0,Dippel AG
703,ZLGNLVWN,IT11U6058064061381097777955,LV,Dippel AG Ind,,0,Dippel AG
704,ZLGNLVWN,IT11U6058064061381097777955,LV,Dippel AG Inds.,,0,Dippel AG
705,ZLGNLVWN,IT11U6058064061381097777955,LV,Dippel .AG Inds,& & &,0,Dippel AG
706,ZLGNLVWN,IT11U6058064061381097777955,LV,Dippel AG,,0,Dippel AG
707,ZLGNLVWN,IT11U6058064061381097777955,LV,Dippel - AG,,0,Dippel AG
708,ZLGNLVWN,IT11U6058064061381097777955,LV,Dippel AG Industries,,0,Dippel AG
709,ZLGNLVWN,IT11U6058064061381097777955,LV,Dippel AG,48759  Badalzungen,0,Dippel AG
710,ZLGNLVWN,IT11U6058064061381097777955,LV,Dippel AG Ind,,0,Dippel AG
711,ZLGNLVWN,IT11U6058064061381097777955,LV,Dippel AG Inds,Badalzungen,0,Dippel AG
712,ZLGNLVWN,IT11U6058064061381097777955,LV,Dippel AG,,0,Dippel AG
713,ZLGNLVWN,IT11U6058064061381097777955,LV,Dippel-AG  Inds.,48759Badalzungen,0,Dippel AG
714,ZLGNLVWN,IT11U6058064061381097777955,LV,Dippel AG Industries,,0,Dippel AG
715,ZLGNLVWN,IT11U6058064061381097777955,LV,Dippel  AG,,0,Dippel AG
716,ZLGNLVWN,IT11U6058064061381097777955,LV,Dippel AG Inds,Badalzungen,0,Dippel AG
717,ZLGNLVWN,IT11U6058064061381097777955,LV,Dippel AG Ind,,0,Dippel AG
718,ESMTIQZT,NL59SOEF8874802796,IQ,Gute,Margrafstraße/926834 Bischofswerd,1,Gute
719,ESMTIQZT,NL59SOEF8874802796,IQ,Mülichen AG & Co. KG,"Klotzplatz-0/7,16053  Regensburg",1,Mülichen AG & Co. KG
720,ESMTIQZT,NL59SOEF8874802796,IQ,Bonbach Stiftung & Co. KG,,1,Bonbach Stiftung & Co. KG
721,ESMTIQZT,NL59SOEF8874802796,IQ,Jacob,Zerbst/Werneceweg  Zerbst,1,Jacob
722,TLMJEGJQ,FR3343266543736192412679392,EG,Barre Texier SARL,,0,Barre Texier SARL
723,TLMJEGJQ,FR3343266543736192412679392,EG,Barre Texier S.r.l.,,0,Barre Texier SARL
724,TLMJEGJQ,FR3343266543736192412679392,EG,Barre Texier,Lagarde FR,0,Barre Texier SARL
725,MKYJKGEF,GB39SEWW02955767043648,KG,Eckbauer AG,Ahmed-Steinberg-Ring-Minburg/Mainburg DE,1,Eckbauer AG
726,MKYJKGEF,GB39SEWW02955767043648,KG,Eckbauer AG,Germany,1,Eckbauer AG
727,MKYJKGEF,GB39SEWW02955767043648,KG,Eckbauer AG,Ahmed-Steinberg-RingMainburg Mainburg DE,1,Eckbauer AG
728,MKYJKGEF,GB39SEWW02955767043648,KG,Eckbauer.AG,,1,Eckbauer AG
729,MKYJKGEF,GB39SEWW02955767043648,KG,Preiß Ebert AG & Co. KG,,1,Preiß Ebert AG & Co. KG
730,MKYJKGEF,GB39SEWW02955767043648,KG,Peukert e.V.,Janette-Bolander-Allee Freudenstadt Freudenstadt Germany,1,Peukert e.V.
731,MKYJKGEF,GB39SEWW02955767043648,KG,Peukert - e.V.,,1,Peukert e.V.
732,MKYJKGEF,GB39SEWW02955767043648,KG,Peukert e.V.,,1,Peukert e.V.
733,MKYJKGEF,GB39SEWW02955767043648,KG,Peukert e.V.,Freudenstadt DE,1,Peukert e.V.
734,QBBDTCXO,NL03LJJG3274042246,TC,Chevresson & Thatcher,Neerijnen  Laurasingel  Neerijnen,0,Chevresson & Thatcher
735,QBBDTCXO,NL03LJJG3274042246,TC,Chevresson .&,,0,Chevresson & Thatcher
736,QBBDTCXO,NL03LJJG3274042246,TC,Chevresson.&. Thatcher,"Laurasingel 055,9990KI Neerijnen",0,Chevresson & Thatcher
737,QBBDTCXO,NL03LJJG3274042246,TC,Chevresson .&-Thatcher,Laurasingel  Neerijnen-Neerijnen-Netherlands,0,Chevresson & Thatcher
738,QBBDTCXO,NL03LJJG3274042246,TC,"Chevresson,& .Thatcher",,0,Chevresson & Thatcher
739,QBBDTCXO,NL03LJJG3274042246,TC,Chevresson.&,"Neerijnen Laurasingel,Neerijnen",0,Chevresson & Thatcher
740,QBBDTCXO,NL03LJJG3274042246,TC,Chevresson. & .Thatcher,Neerijnen NL,0,Chevresson & Thatcher
741,QBBDTCXO,NL03LJJG3274042246,TC,Chevresson. &,,0,Chevresson & Thatcher
742,QBBDTCXO,NL03LJJG3274042246,TC,Chevresson  - &,,0,Chevresson & Thatcher
743,QBBDTCXO,NL03LJJG3274042246,TC,Chevresson-&-Thatcher,,0,Chevresson & Thatcher
744,QBBDTCXO,NL03LJJG3274042246,TC,"Chevresson- &,Thatcher",Neerijnen NL,0,Chevresson & Thatcher
745,QBBDTCXO,NL03LJJG3274042246,TC,Chevresson/&  .Thatcher,,0,Chevresson & Thatcher
746,QBBDTCXO,NL03LJJG3274042246,TC,Chevresson-&.Thatcher,Neerijnen,0,Chevresson & Thatcher
747,SSRUJECV,IT47P8435454748802356714220,JE,Thies,,1,Thies
748,SSRUJECV,IT47P8435454748802356714220,JE,Thies  SNC,Hans-Martin-Weiß-Straße  Borken Borken Gerany,1,Thies
749,SSRUJECV,IT47P8435454748802356714220,JE,Thies,,1,Thies
750,SSRUJECV,IT47P8435454748802356714220,JE,Thies S.n.c,,1,Thies
751,SSRUJECV,IT47P8435454748802356714220,JE,Thies S.N.C.,,1,Thies
752,SSRUJECV,IT47P8435454748802356714220,JE,Thies,Borken Germany,1,Thies
753,SSRUJECV,IT47P8435454748802356714220,JE,Thies SNC,. ..,1,Thies
754,SSRUJECV,IT47P8435454748802356714220,JE,Thies/SNC,Borken,1,Thies
755,SSRUJECV,IT47P8435454748802356714220,JE,Gute Junck KGaA,Strausberg  Holstenplatz Strausberg,1,Gute Junck KGaA
756,SSRUJECV,IT47P8435454748802356714220,JE,Gute Junck KGaA,,1,Gute Junck KGaA
757,MGCOEHPQ,ES8466146870549098833926,EH,Scherms & Knuf,,1,Scherms & Knuf
758,MGCOEHPQ,ES8466146870549098833926,EH,Scherms & Knuf,Wilnis Netherlands,1,Scherms & Knuf
759,MGCOEHPQ,ES8466146870549098833926,EH,Scherms & Knuf,,1,Scherms & Knuf
760,MGCOEHPQ,ES8466146870549098833926,EH,van der Noot BV,7478QO Putte,1,van der Noot BV
761,MGCOEHPQ,ES8466146870549098833926,EH,van der. Noot-BV,,1,van der Noot BV
762,MGCOEHPQ,ES8466146870549098833926,EH,"van,der .Noot  .BV",,1,van der Noot BV
763,MGCOEHPQ,ES8466146870549098833926,EH,"van,der-Noot-BV",,1,van der Noot BV
764,MGCOEHPQ,ES8466146870549098833926,EH,van - der/Noot- BV,Putte Netherlands,1,van der Noot BV
765,MGCOEHPQ,ES8466146870549098833926,EH,van der-Noot,,1,van der Noot BV
766,MGCOEHPQ,ES8466146870549098833926,EH,van .der Noot- BV,,1,van der Noot BV
767,MGCOEHPQ,ES8466146870549098833926,EH,"van. der Noot,BV",Netherlands,1,van der Noot BV
768,MGCOEHPQ,ES8466146870549098833926,EH,van der  Noot BV,,1,van der Noot BV
769,MGCOEHPQ,ES8466146870549098833926,EH,van-der/Noot. BV,,1,van der Noot BV
770,MGCOEHPQ,ES8466146870549098833926,EH,van der .Noot.BV,,1,van der Noot BV
771,MGCOEHPQ,ES8466146870549098833926,EH,"van,der Noot. BV",,1,van der Noot BV
772,MGCOEHPQ,ES8466146870549098833926,EH,"van,der - Noot BV",,1,van der Noot BV
773,MGCOEHPQ,ES8466146870549098833926,EH,"van .der,Noot BV",,1,van der Noot BV
774,MGCOEHPQ,ES8466146870549098833926,EH,van-der. Noot- BV,,1,van der Noot BV
775,XMPYAXAV,DE08591409209283194307,AX,Marshall-Richardson,Dlgado Rest 95930 52681-Ariasview-United Staes,0,Marshall-Richardson
776,XMPYAXAV,DE08591409209283194307,AX,Marshall Richardson,Ariasview United States,0,Marshall-Richardson
777,XMPYAXAV,DE08591409209283194307,AX,Marshall Richardson,,0,Marshall-Richardson
778,XMPYAXAV,DE08591409209283194307,AX,Marshall Richardson,Ariasview US,0,Marshall-Richardson
779,XMPYAXAV,DE08591409209283194307,AX,Marshall Richardson,"Delgado Rest,95930 52681/Ariasview (TN) United States",0,Marshall-Richardson
780,XMPYAXAV,DE08591409209283194307,AX,Marshall Richardson,Delgado Rest 95930 52681  Ariasview  (TN) US,0,Marshall-Richardson
781,XMPYAXAV,DE08591409209283194307,AX,Marshall Richardson,52681/Ariasview,0,Marshall-Richardson
782,XMPYAXAV,DE08591409209283194307,AX,Marshall - Richardson,,0,Marshall-Richardson
783,XMPYAXAV,DE08591409209283194307,AX,Marshall Richardson,,0,Marshall-Richardson
784,QRLAPFQY,DE49586065905650237270,PF,Impastato-Eco e figli,,0,Impastato-Eco e figli
785,QRLAPFQY,DE49586065905650237270,PF,Impastato,,0,Impastato-Eco e figli
786,QRLAPFQY,DE49586065905650237270,PF,Impastato-Eco e figli SA,,0,Impastato-Eco e figli
787,QRLAPFQY,DE49586065905650237270,PF,Impastato,,0,Impastato-Eco e figli
788,QRLAPFQY,DE49586065905650237270,PF,Impastato,,0,Impastato-Eco e figli
789,QRLAPFQY,DE49586065905650237270,PF,Impastato .,,0,Impastato-Eco e figli
790,QRLAPFQY,DE49586065905650237270,PF,Impastato Eco e figli,Canale Bernardi  Sutera-(CL) IT,0,Impastato-Eco e figli
791,QRLAPFQY,DE49586065905650237270,PF,"Impastato  Eco,e figli S.a.",,0,Impastato-Eco e figli
792,QRLAPFQY,DE49586065905650237270,PF,"Impastato Eco e figli,S.c.",,0,Impastato-Eco e figli
793,QRLAPFQY,DE49586065905650237270,PF,Impastato Comp. e  figli S.a,Canale Bernardi  Sutera (CL)-IT,0,Impastato-Eco e figli
794,QRLAPFQY,DE49586065905650237270,PF,Impastato Eco  e figli .S.c.,"Canale Bernardi Sutea,CL IT",0,Impastato-Eco e figli
795,QRLAPFQY,DE49586065905650237270,PF,Impastato Company e figli S.a,Canale Bernardi utera Italia,0,Impastato-Eco e figli
796,QRLAPFQY,DE49586065905650237270,PF,Impastato-Company e figli S.a,,0,Impastato-Eco e figli
797,GFYIMNRN,IT52Q7545391764290845427948,MN,Gomes,,0,Gomes
798,GFYIMNRN,IT52Q7545391764290845427948,MN,Gomes,,0,Gomes
799,GFYIMNRN,IT52Q7545391764290845427948,MN,Gomes S.U.,"Vereda Bryan Lima,RR  Vila São Francisco(RR),Brazil",0,Gomes
800,SBSRVIZR,FR1501579747408700421177815,VI,Caldeira   ME,,0,Caldeira - ME
801,SBSRVIZR,FR1501579747408700421177815,VI,"Caldeira  ,ME S.a.s.","05803280 Sales da Serra,Lorena",0,Caldeira - ME
802,SBSRVIZR,FR1501579747408700421177815,VI,Caldeira. - /ME SAS,,0,Caldeira - ME
803,SBSRVIZR,FR1501579747408700421177815,VI,"Caldeira , ME S.a.s.",PI Trevo de Barros Lorena,0,Caldeira - ME
804,SBSRVIZR,FR1501579747408700421177815,VI,Caldeira.  - ME-S.a.s.,,0,Caldeira - ME
805,SBSRVIZR,FR1501579747408700421177815,VI,Caldeira   ME S.a.s,Lorena BR,0,Caldeira - ME
806,SBSRVIZR,FR1501579747408700421177815,VI,"Caldeira.  .-ME,S.A.S",,0,Caldeira - ME
807,SBSRVIZR,FR1501579747408700421177815,VI,Caldeira   ME S.A.S.,"Trevo de BarrosPI Lorena,PI  BR",0,Caldeira - ME
808,SBSRVIZR,FR1501579747408700421177815,VI,"Caldeira - ,ME S.A.S",,0,Caldeira - ME
809,SBSRVIZR,FR1501579747408700421177815,VI,Caldeira   ME- SAS,,0,Caldeira - ME
810,SBSRVIZR,FR1501579747408700421177815,VI,Caldeira   ME-SAS,,0,Caldeira - ME
811,SBSRVIZR,FR1501579747408700421177815,VI,Caldeira    ME-SAS,-  -  -  -,0,Caldeira - ME
812,SBSRVIZR,FR1501579747408700421177815,VI,Caldeira .  ME SAS,,0,Caldeira - ME
813,SZDMDJSY,ES2331251374283871649283,DJ,"Hernandez, Holmes and Hull",North Ronald,1,"Hernandez, Holmes and Hull"
814,SZDMDJSY,ES2331251374283871649283,DJ,Hern,,1,"Hernandez, Holmes and Hull"
815,SZDMDJSY,ES2331251374283871649283,DJ,Duarte PLC,,1,Duarte PLC
816,SZDMDJSY,ES2331251374283871649283,DJ,Bowen Inc,57821-Jessicabury,1,Bowen Inc
817,SZDMDJSY,ES2331251374283871649283,DJ,Bryant LLC,"Virginia Orchard  88267 01041/Mathewhaven,United States",1,Bryant LLC
818,SZDMDJSY,ES2331251374283871649283,DJ,"Bryant LLC,Co.",Mathewhaven US,1,Bryant LLC
819,SZDMDJSY,ES2331251374283871649283,DJ,Smith-Pugh,,1,Smith-Pugh
820,SZDMDJSY,ES2331251374283871649283,DJ,Buchanan-Wilson,,1,Buchanan-Wilson
821,SZDMDJSY,ES2331251374283871649283,DJ,Buchanan Wilson Gp.,,1,Buchanan-Wilson
822,SZDMDJSY,ES2331251374283871649283,DJ,Buchanan Wilson,,1,Buchanan-Wilson
823,SZDMDJSY,ES2331251374283871649283,DJ,Buchanan Wilson Grp.,37724 New ebeccaborough,1,Buchanan-Wilson
824,SZDMDJSY,ES2331251374283871649283,DJ,Miller Inc,,1,Miller Inc
825,SZDMDJSY,ES2331251374283871649283,DJ,Skinner LLC,United States,1,Skinner LLC
826,WZLPBNQB,GB24ERJP80397792454050,BN,"Leonard, Park and Macias","08866 James Mews West Melissa,SD 65096",0,"Leonard, Park and Macias"
827,WZLPBNQB,GB24ERJP80397792454050,BN,"Leonard, Park Macias",West Melissa,0,"Leonard, Park and Macias"
828,WZLPBNQB,GB24ERJP80397792454050,BN,"Leonard,.Park Industries Macias",,0,"Leonard, Park and Macias"
829,WZLPBNQB,GB24ERJP80397792454050,BN,"Leonard, Park Inds. Macias",#  # ##,0,"Leonard, Park and Macias"
830,WZLPBNQB,GB24ERJP80397792454050,BN,"Leonard, Park,Inds Macias",,0,"Leonard, Park and Macias"
831,WZLPBNQB,GB24ERJP80397792454050,BN,"Leonard, Park Macias",,0,"Leonard, Park and Macias"
832,WZLPBNQB,GB24ERJP80397792454050,BN,"Leonard, Park-Inds. Macias",65096 West Meissa,0,"Leonard, Park and Macias"
833,WZLPBNQB,GB24ERJP80397792454050,BN,"Leonard, Park Ind. - Macias",,0,"Leonard, Park and Macias"
834,WZLPBNQB,GB24ERJP80397792454050,BN,"Leonard, Park Macias",West Melissa,0,"Leonard, Park and Macias"
835,WZLPBNQB,GB24ERJP80397792454050,BN,"Leonard, Park Inds Macias",,0,"Leonard, Park and Macias"
836,WZLPBNQB,GB24ERJP80397792454050,BN,"Leonard, Park Industries Macias",,0,"Leonard, Park and Macias"
837,WZLPBNQB,GB24ERJP80397792454050,BN,"Leonard, Park Ind. Macias",X,0,"Leonard, Park and Macias"
838,WZLPBNQB,GB24ERJP80397792454050,BN,"Leonard,  Park",,0,"Leonard, Park and Macias"
839,WZLPBNQB,GB24ERJP80397792454050,BN,"Leonard, Park",James Mews  08866 65096 West Melissa SD  US,0,"Leonard, Park and Macias"
840,WZLPBNQB,GB24ERJP80397792454050,BN,"Leonard, Park Macias",08866James Mews  West Melissa-SD 65096,0,"Leonard, Park and Macias"
841,WZLPBNQB,GB24ERJP80397792454050,BN,"Leonard, .Park",08866 65096/James Mews West Melissa,0,"Leonard, Park and Macias"
842,WZLPBNQB,GB24ERJP80397792454050,BN,"Leonard, Park Ind./Macias",Unite States,0,"Leonard, Park and Macias"
843,WZLPBNQB,GB24ERJP80397792454050,BN,"Leonard, Park Macias",,0,"Leonard, Park and Macias"
844,WZLPBNQB,GB24ERJP80397792454050,BN,"Leonard, Park",,0,"Leonard, Park and Macias"
845,ITVEAWZB,GB27XQVJ68374693445851,AW,Azevedo Carvalho - EI,,0,Azevedo Carvalho - EI
846,ITVEAWZB,GB27XQVJ68374693445851,AW,Azevedo Carvalho   EI,Chácara Lucas MonteiroPA Vila Vista Alegre PA/Brazil,0,Azevedo Carvalho - EI
847,ITVEAWZB,GB27XQVJ68374693445851,AW,Azevedo Carvalho  -  EI Grp,,0,Azevedo Carvalho - EI
848,ITVEAWZB,GB27XQVJ68374693445851,AW,Azevedo Carvalho   EI Grp,Vila Vista Alegre Brazil,0,Azevedo Carvalho - EI
849,ITVEAWZB,GB27XQVJ68374693445851,AW,Azevedo Carvalho   EI,-,0,Azevedo Carvalho - EI
850,ITVEAWZB,GB27XQVJ68374693445851,AW,Azevedo-Carvalho   EI,,0,Azevedo Carvalho - EI
851,ITVEAWZB,GB27XQVJ68374693445851,AW,Azevedo Carvalho   EI Grp,,0,Azevedo Carvalho - EI
852,ITVEAWZB,GB27XQVJ68374693445851,AW,"Azevedo Carvalho .  EI,Group",Chácara Lucas Monteiro707-Vila Vista Alegre  04122758 Jesus PA,0,Azevedo Carvalho - EI
853,ITVEAWZB,GB27XQVJ68374693445851,AW,Azevedo Carvalho   EI Gr.,,0,Azevedo Carvalho - EI
854,ITVEAWZB,GB27XQVJ68374693445851,AW,Azevedo Carvalho   EI Grp.,,0,Azevedo Carvalho - EI
855,ITVEAWZB,GB27XQVJ68374693445851,AW,Azevedo .Carvalho    EI/,"PA Chácara Lucas Monteiro,Vila Vista Alegre",0,Azevedo Carvalho - EI
856,ITVEAWZB,GB27XQVJ68374693445851,AW,Azevedo Carvalho/  EI -,,0,Azevedo Carvalho - EI
857,TALQDERF,FR2525272618341868998654579,DE,Rezende Sales S.A.,,0,Rezende Sales S.A.
858,TALQDERF,FR2525272618341868998654579,DE,Rezende Sales,,0,Rezende Sales S.A.
859,TALQDERF,FR2525272618341868998654579,DE,Rezende  Sales,Vila Jardim Alvorada Brazil,0,Rezende Sales S.A.
860,TALQDERF,FR2525272618341868998654579,DE,Rezende Sales,,0,Rezende Sales S.A.
861,TALQDERF,FR2525272618341868998654579,DE,Rezende Sales SAS,Vila Jardim lvorada Brazil,0,Rezende Sales S.A.
862,TALQDERF,FR2525272618341868998654579,DE,Rezende Sales SpA,,0,Rezende Sales S.A.
863,TALQDERF,FR2525272618341868998654579,DE,Rezende Sales S.a.s.,,0,Rezende Sales S.A.
864,TALQDERF,FR2525272618341868998654579,DE,Rezende Sales S.U.,Lagoa de Ribeiro  SE Vila Jardim Alvorada  (SE)-Brzil,0,Rezende Sales S.A.
865,TALQDERF,FR2525272618341868998654579,DE,Rezende Sales SA,Lagoa de Ribeiro  SEVila Jardim Alvorad-Brazil,0,Rezende Sales S.A.
866,TALQDERF,FR2525272618341868998654579,DE,Rezende Sales,6043-526 Fernandes Paulista  Vila Jardim Alvorada,0,Rezende Sales S.A.
867,TALQDERF,FR2525272618341868998654579,DE,Rezende  Sales SA,,0,Rezende Sales S.A.
868,TALQDERF,FR2525272618341868998654579,DE,Rezende Sales,,0,Rezende Sales S.A.
869,TALQDERF,FR2525272618341868998654579,DE,Rezende Sales,,0,Rezende Sales S.A.
870,TALQDERF,FR2525272618341868998654579,DE,Rezende Sales SAS,Lagoa de Ribeiro 37 Vila Jardim Alvorada06043-526 Fernandes Paulista SE,0,Rezende Sales S.A.
871,TALQDERF,FR2525272618341868998654579,DE,Rezende Sales Società per Azioni,,0,Rezende Sales S.A.
872,TALQDERF,FR2525272618341868998654579,DE,Rezende Sales S.p.A.,,0,Rezende Sales S.A.
873,TALQDERF,FR2525272618341868998654579,DE,Rezende Sales S.a.s.,,0,Rezende Sales S.A.
874,TALQDERF,FR2525272618341868998654579,DE,Rezende Sales S.p.A.,SE Lagoa de Ribeiro Vila Jardim Alvorada,0,Rezende Sales S.A.
875,TALQDERF,FR2525272618341868998654579,DE,Rezende Sales,Lagoa de Ribeiro SE Vila Jardim Alvorada Brazil,0,Rezende Sales S.A.
876,TALQDERF,FR2525272618341868998654579,DE,Rezende Sales,06043-526 Fernandes Paulista/Vila Jardim Alvorada,0,Rezende Sales S.A.
877,CSHRPNCF,DE86404060441467348502,PN,Stewart Group,,1,Stewart Group
878,CSHRPNCF,DE86404060441467348502,PN,Stewart-Grp./Inds,Hudsonton United States,1,Stewart Group
879,CSHRPNCF,DE86404060441467348502,PN,"Berry, Farmer and Browning",00859 West Lisa,1,"Berry, Farmer and Browning"
880,CSHRPNCF,DE86404060441467348502,PN,"Berry, .Farmer",& &,1,"Berry, Farmer and Browning"
881,CSHRPNCF,DE86404060441467348502,PN,"Berry, Farmer",,1,"Berry, Farmer and Browning"
882,CSHRPNCF,DE86404060441467348502,PN,"Berry, Farmer Ind.",00859 West Lisa,1,"Berry, Farmer and Browning"
883,CSHRPNCF,DE86404060441467348502,PN,"Berry, Farmer",West Lisa United States,1,"Berry, Farmer and Browning"
884,CSHRPNCF,DE86404060441467348502,PN,"Berry, Farmer",,1,"Berry, Farmer and Browning"
885,CSHRPNCF,DE86404060441467348502,PN,"Berry, Farmer Ind. Browning",West Lisa,1,"Berry, Farmer and Browning"
886,CSHRPNCF,DE86404060441467348502,PN,"Berry, Farmer Inds. .Browning",,1,"Berry, Farmer and Browning"
887,CSHRPNCF,DE86404060441467348502,PN,"Berry, Farmer Inds Browning",West Lisa United States,1,"Berry, Farmer and Browning"
888,IAGFKHXR,GB33OIHB99624538263186,KH,Jesus,MT Favela Diogo RodriguesBeija Flor,0,Jesus
889,IAGFKHXR,GB33OIHB99624538263186,KH,Jesus S.A.S,,0,Jesus
890,IAGFKHXR,GB33OIHB99624538263186,KH,Jesus S.a.,,0,Jesus
891,IAGFKHXR,GB33OIHB99624538263186,KH,Jesus S.a.,,0,Jesus
892,IAGFKHXR,GB33OIHB99624538263186,KH,Jesus S.A.S.,,0,Jesus
893,IAGFKHXR,GB33OIHB99624538263186,KH,Jesus,,0,Jesus
894,IAGFKHXR,GB33OIHB99624538263186,KH,Jesus S.A.S,,0,Jesus
895,ATKRKPVX,FR0445947967422516688965179,KP,Hermanos Juan S.A.,Pasadizo Edmundo Posada15953-Alicante Spain,0,Hermanos Juan S.A.
896,ATKRKPVX,FR0445947967422516688965179,KP,Hermanos Juan S.U.,,0,Hermanos Juan S.A.
897,ATKRKPVX,FR0445947967422516688965179,KP,Hermanos Juan,,0,Hermanos Juan S.A.
898,ATKRKPVX,FR0445947967422516688965179,KP,Hermanos  Juan S.C.,,0,Hermanos Juan S.A.
899,ATKRKPVX,FR0445947967422516688965179,KP,Hermanos  Juan SA,Spain,0,Hermanos Juan S.A.
900,ATKRKPVX,FR0445947967422516688965179,KP,Hermanos Juan,,0,Hermanos Juan S.A.
901,ROQXAGVN,GB27SXAD31993005815387,AG,Steele and Sons,Boyle Mission Apt. 913  5629 10387Tammyhaven GAUS,1,Steele and Sons
902,ROQXAGVN,GB27SXAD31993005815387,AG,"Miller, Ross and Howell",,1,"Miller, Ross and Howell"
903,ROQXAGVN,GB27SXAD31993005815387,AG,"Miller, Ross Inds. Howell",,1,"Miller, Ross and Howell"
904,ROQXAGVN,GB27SXAD31993005815387,AG,"Miller, Ross Howell",,1,"Miller, Ross and Howell"
905,ROQXAGVN,GB27SXAD31993005815387,AG,"Miller, Ross Howell",49978 Hendersonside,1,"Miller, Ross and Howell"
906,ROQXAGVN,GB27SXAD31993005815387,AG,"Miller, Ross Inds Howell",,1,"Miller, Ross and Howell"
907,ROQXAGVN,GB27SXAD31993005815387,AG,"Miller, Ross",Angela Run Suite 692-59268 49978 Hendersonside-(IL) United States,1,"Miller, Ross and Howell"
908,ROQXAGVN,GB27SXAD31993005815387,AG,Williams LLC,,1,Williams LLC
909,ROQXAGVN,GB27SXAD31993005815387,AG,Williams- LLC PLC  ,,1,Williams LLC
910,ROQXAGVN,GB27SXAD31993005815387,AG,Williams,,1,Williams LLC
911,ROQXAGVN,GB27SXAD31993005815387,AG,Williams,,1,Williams LLC
912,ROQXAGVN,GB27SXAD31993005815387,AG,Williams LLC,,1,Williams LLC
913,ROQXAGVN,GB27SXAD31993005815387,AG,Williams,,1,Williams LLC
914,ROQXAGVN,GB27SXAD31993005815387,AG,Williams-,,1,Williams LLC
915,YAIZCWAO,DE05921542848763912526,CW,"Dalton, Osborne and Wilson",Rebekah Extensions-357 49097 New Jason  NY US,1,"Dalton, Osborne and Wilson"
916,YAIZCWAO,DE05921542848763912526,CW,Benson-Cabrera,,1,Benson-Cabrera
917,YAIZCWAO,DE05921542848763912526,CW,Benson Cabrera Grp.,,1,Benson-Cabrera
918,YAIZCWAO,DE05921542848763912526,CW,"Benson Cabrera,",East Hannahland,1,Benson-Cabrera
919,YAIZCWAO,DE05921542848763912526,CW,Benson Cabrera,East Hannahland US,1,Benson-Cabrera
920,YAIZCWAO,DE05921542848763912526,CW,Mills and Sons,,1,Mills and Sons
921,YAIZCWAO,DE05921542848763912526,CW,Snow and Sons,,1,Snow and Sons
922,YAIZCWAO,DE05921542848763912526,CW,Snow Inds Sons,,1,Snow and Sons
923,CPRJBJGU,GB08ATDN90866924138294,BJ,Jacobi Jäckel Mentzel GmbH & Co. OHG,,1,Jacobi Jäckel Mentzel GmbH & Co. OHG
924,CPRJBJGU,GB08ATDN90866924138294,BJ,Jacobi Jäckel Mentzel GmbH &,Halina-Hahn-Gasse  43 42146 Senftenberg,1,Jacobi Jäckel Mentzel GmbH & Co. OHG
925,CPRJBJGU,GB08ATDN90866924138294,BJ,Jacobi Jäckel Mentzel GmbH & Company OHG,Germany,1,Jacobi Jäckel Mentzel GmbH & Co. OHG
926,CPRJBJGU,GB08ATDN90866924138294,BJ,Jacobi Jäckel Mentzel GmbH &,,1,Jacobi Jäckel Mentzel GmbH & Co. OHG
927,CPRJBJGU,GB08ATDN90866924138294,BJ,Wulff Stiftung & Co. KG,_,1,Wulff Stiftung & Co. KG
928,BPGMCXOA,IT79Y3377545612943318161672,CX,Ford-Baker,,0,Ford-Baker
929,BPGMCXOA,IT79Y3377545612943318161672,CX,Ford Baker S.N.C.,,0,Ford-Baker
930,BPGMCXOA,IT79Y3377545612943318161672,CX,Ford Baker S.N.C.,,0,Ford-Baker
931,BPGMCXOA,IT79Y3377545612943318161672,CX,Ford Baker S.c.,,0,Ford-Baker
932,BPGMCXOA,IT79Y3377545612943318161672,CX,Ford Baker,Lewisville United States,0,Ford-Baker
933,BPGMCXOA,IT79Y3377545612943318161672,CX,Ford Baker S.c.,16297 40753 French Rapid Lewisville,0,Ford-Baker
934,BPGMCXOA,IT79Y3377545612943318161672,CX,Ford Baker Inc.,Lewisville United States,0,Ford-Baker
935,BPGMCXOA,IT79Y3377545612943318161672,CX,Ford Baker S.C.,,0,Ford-Baker
936,BPGMCXOA,IT79Y3377545612943318161672,CX,Ford Baker,,0,Ford-Baker
937,BPGMCXOA,IT79Y3377545612943318161672,CX,Ford Baker,,0,Ford-Baker
938,BPGMCXOA,IT79Y3377545612943318161672,CX,Ford Baker,,0,Ford-Baker
939,BPGMCXOA,IT79Y3377545612943318161672,CX,Ford Baker-,"16297French Rapid,LewisvilleAZ 40753",0,Ford-Baker
940,BPGMCXOA,IT79Y3377545612943318161672,CX,Ford Baker - S.c.,United States,0,Ford-Baker
941,BPGMCXOA,IT79Y3377545612943318161672,CX,Ford Baker/,,0,Ford-Baker
942,BPGMCXOA,IT79Y3377545612943318161672,CX,Ford Baker Incorporated,Lewisville US,0,Ford-Baker
943,LSANHUXT,FR7693956547454244336839643,HU,"Redi, Antonucci e Morpurgo Group",,1,"Redi, Antonucci e Morpurgo Group"
944,LSANHUXT,FR7693956547454244336839643,HU,"Redi, Antonucci e",,1,"Redi, Antonucci e Morpurgo Group"
945,LSANHUXT,FR7693956547454244336839643,HU,"Redi, Antonucci e Morpurgo Grp.",,1,"Redi, Antonucci e Morpurgo Group"
946,LSANHUXT,FR7693956547454244336839643,HU,"Redi, Antonucci Morpurgo- Grp",,1,"Redi, Antonucci e Morpurgo Group"
947,LSANHUXT,FR7693956547454244336839643,HU,"Redi, Antonucci e Morpurgo .Grp",,1,"Redi, Antonucci e Morpurgo Group"
948,LSANHUXT,FR7693956547454244336839643,HU,"Redi, Antonucci e Morpurgo.Gr.",,1,"Redi, Antonucci e Morpurgo Group"
949,LSANHUXT,FR7693956547454244336839643,HU,"Redi,/Antonucci e Morpurgo",,1,"Redi, Antonucci e Morpurgo Group"
950,LSANHUXT,FR7693956547454244336839643,HU,"Redi, Antonucci e Morpurgo Gp.",Via Mattia-Piano 7/Roma  Italia,1,"Redi, Antonucci e Morpurgo Group"
951,LSANHUXT,FR7693956547454244336839643,HU,"Redi, Antonucci e Morpurgo Gp.",Piano 7 Via Mattia-Roa,1,"Redi, Antonucci e Morpurgo Group"
952,LSANHUXT,FR7693956547454244336839643,HU,"Redi, Antonucci e Morpurgo",,1,"Redi, Antonucci e Morpurgo Group"
953,LSANHUXT,FR7693956547454244336839643,HU,"Redi, Antonucci.Morpurgo Gr.",,1,"Redi, Antonucci e Morpurgo Group"
954,LSANHUXT,FR7693956547454244336839643,HU,"Redi,/Antonucci e,Gr.",,1,"Redi, Antonucci e Morpurgo Group"
955,LSANHUXT,FR7693956547454244336839643,HU,"Redi, Antonucci e Grp.",,1,"Redi, Antonucci e Morpurgo Group"
956,LSANHUXT,FR7693956547454244336839643,HU,Carocci s.r.l.,,1,Carocci s.r.l.
957,LSANHUXT,FR7693956547454244336839643,HU,Carocci/s.r.l. Corp.,Zoie Italia,1,Carocci s.r.l.
958,LSANHUXT,FR7693956547454244336839643,HU,"Einaudi, Juvara e Cesarotti Group",,1,"Einaudi, Juvara e Cesarotti Group"
959,UHZQHKRQ,GB24RGLE73019184669330,HK,Royal den Teuling,,0,Royal den Teuling
960,UHZQHKRQ,GB24RGLE73019184669330,HK,Royal- den-Teuling,,0,Royal den Teuling
961,UHZQHKRQ,GB24RGLE73019184669330,HK,Royal. den- Teuling,,0,Royal den Teuling
962,UHZQHKRQ,GB24RGLE73019184669330,HK,Royal - den/Teuling,Diffeen NL,0,Royal den Teuling
963,UHZQHKRQ,GB24RGLE73019184669330,HK,Royal - den,,0,Royal den Teuling
964,UHZQHKRQ,GB24RGLE73019184669330,HK,Royal. den .Teuling,,0,Royal den Teuling
965,UHZQHKRQ,GB24RGLE73019184669330,HK,Royal - den-Teuling,9376EC  Diffelen,0,Royal den Teuling
966,UHZQHKRQ,GB24RGLE73019184669330,HK,Royal .den,Améliestraat/910-9376ECDifelen,0,Royal den Teuling
967,UHZQHKRQ,GB24RGLE73019184669330,HK,"Royal .den,Teuling",Diffelen,0,Royal den Teuling
968,UHZQHKRQ,GB24RGLE73019184669330,HK,Royal. den,"Diffelen/Améliestraat,Diffelen",0,Royal den Teuling
969,UHZQHKRQ,GB24RGLE73019184669330,HK,"Royal,den- Teuling",,0,Royal den Teuling
970,UHZQHKRQ,GB24RGLE73019184669330,HK,Royal.den- Teuling,Diffelen,0,Royal den Teuling
971,UHZQHKRQ,GB24RGLE73019184669330,HK,Royal/den - Teuling,Diffelen Améliestraat/Diffelen,0,Royal den Teuling
972,UHZQHKRQ,GB24RGLE73019184669330,HK,Royal/den. Teuling,,0,Royal den Teuling
973,UHZQHKRQ,GB24RGLE73019184669330,HK,"Royal,den.Teuling",,0,Royal den Teuling
974,UHZQHKRQ,GB24RGLE73019184669330,HK,Royal-den -  Teuling,,0,Royal den Teuling
975,UHZQHKRQ,GB24RGLE73019184669330,HK,"Royal,den.Teuling",Améliestraat 910-9376EC  Diffelen,0,Royal den Teuling
976,OATGESZH,GB57WREA80976771460318,ES,Finanzas Barros S.Com.,,1,Finanzas Barros S.Com.
977,OATGESZH,GB57WREA80976771460318,ES,Azorin y asociados S.L.N.E,"51217,Pasadizo de Coral Santos 58 Piso León",1,Azorin y asociados S.L.N.E
978,RDKGMWMK,ES4705867075340584740721,MW,Horrocks BV,Netherlands,1,Horrocks BV
979,RDKGMWMK,ES4705867075340584740721,MW,Horrocks BV Glob.,,1,Horrocks BV
980,RDKGMWMK,ES4705867075340584740721,MW,Horrocks BV Glob.,,1,Horrocks BV
981,RDKGMWMK,ES4705867075340584740721,MW,Horrocks BV Glb,,1,Horrocks BV
982,RDKGMWMK,ES4705867075340584740721,MW,Royal Rousselet,,1,Royal Rousselet
983,RDKGMWMK,ES4705867075340584740721,MW,Royal Rousselet,,1,Royal Rousselet
984,RDKGMWMK,ES4705867075340584740721,MW,Royal Rousselet,,1,Royal Rousselet
985,RDKGMWMK,ES4705867075340584740721,MW,Royal Rousselet,,1,Royal Rousselet
986,RDKGMWMK,ES4705867075340584740721,MW,Royal Rousselet,,1,Royal Rousselet
987,RDKGMWMK,ES4705867075340584740721,MW,Royal Rousselet,,1,Royal Rousselet
988,RDKGMWMK,ES4705867075340584740721,MW,Royal Rousselet,,1,Royal Rousselet
989,JEVKSHFX,GB83USJO94083528188558,SH,Soluciones Vergara & Asociados S.Coop.,,0,Soluciones Vergara & Asociados S.Coop.
990,JEVKSHFX,GB83USJO94083528188558,SH,Soluciones Vergara & S.Coop.,Spain,0,Soluciones Vergara & Asociados S.Coop.
991,JEVKSHFX,GB83USJO94083528188558,SH,Soluciones Vergara & Asociados S.Coop.,,0,Soluciones Vergara & Asociados S.Coop.
992,JEVKSHFX,GB83USJO94083528188558,SH,Soluciones Vergara &.Asociados S.Coop.,Guadalajara Spain,0,Soluciones Vergara & Asociados S.Coop.
993,JEVKSHFX,GB83USJO94083528188558,SH,Soluciones Vergara & Asociados,44936  Guadalajara,0,Soluciones Vergara & Asociados S.Coop.
994,JEVKSHFX,GB83USJO94083528188558,SH,Soluciones Vergara & Asociados,,0,Soluciones Vergara & Asociados S.Coop.
995,JEVKSHFX,GB83USJO94083528188558,SH,Soluciones Vergara & Asociados S.Coop.,,0,Soluciones Vergara & Asociados S.Coop.
996,JEVKSHFX,GB83USJO94083528188558,SH,Soluciones Vergara & Asociados S.Coop.,"Alameda JoseAntonio Escamilla 97 Puerta,44936 Guadalajara,Spain",0,Soluciones Vergara & Asociados S.Coop.
997,JEVKSHFX,GB83USJO94083528188558,SH,Soluciones Vergara & Asociados S.Coop.,,0,Soluciones Vergara & Asociados S.Coop.
998,JEVKSHFX,GB83USJO94083528188558,SH,Soluciones.Vergara & Asociados,,0,Soluciones Vergara & Asociados S.Coop.
999,JEVKSHFX,GB83USJO94083528188558,SH,Soluciones Vergara Asociados S.Coop.,,0,Soluciones Vergara & Asociados S.Coop.
1000,JEVKSHFX,GB83USJO94083528188558,SH,Soluciones Vergara & Asociados S.Coop.,44936  Guadalajara,0,Soluciones Vergara & Asociados S.Coop.
1001,JEVKSHFX,GB83USJO94083528188558,SH,Soluciones Vergara & Asociados,,0,Soluciones Vergara & Asociados S.Coop.
1002,JEVKSHFX,GB83USJO94083528188558,SH,"Soluciones Vergara &,Asociados S.Coop.",,0,Soluciones Vergara & Asociados S.Coop.
1003,JEVKSHFX,GB83USJO94083528188558,SH,Soluciones Vergara & Asociados S.Coop.,,0,Soluciones Vergara & Asociados S.Coop.
1004,LQLAUYTV,IT73L5872655916443860952406,UY,Pires Ltda.,Estrada de Aragão PEPompéia-PE  Brazil,0,Pires Ltda.
1005,LQLAUYTV,IT73L5872655916443860952406,UY,Pires Ltd -S.A.P.A.,"Estradade Aragão-PE,Pompéia(PE)/BR",0,Pires Ltda.
1006,CLHOSRYW,DE33698708042922990315,SR,Uit de Willigen & van der Kaay,,1,Uit de Willigen & van der Kaay
1007,CLHOSRYW,DE33698708042922990315,SR,le Gulcher Groep,,1,le Gulcher Groep
1008,CLHOSRYW,DE33698708042922990315,SR,"le,Gulcher",,1,le Gulcher Groep
1009,CLHOSRYW,DE33698708042922990315,SR,le Gulcher Gp.,,1,le Gulcher Groep
1010,CLHOSRYW,DE33698708042922990315,SR,le Gulcher Gr.,,1,le Gulcher Groep
1011,CLHOSRYW,DE33698708042922990315,SR,le Gulcher Grp.,Ane Netherlands,1,le Gulcher Groep
1012,CLHOSRYW,DE33698708042922990315,SR,le Gulcher,,1,le Gulcher Groep
1013,CLHOSRYW,DE33698708042922990315,SR,le Gulcher Grp.,Ane Netherlands,1,le Gulcher Groep
1014,RTJQAQOY,GB28QEHI20081480123260,AQ,Despacho Ibéricos S.A.,---,0,Despacho Ibéricos S.A.
1015,RTJQAQOY,GB28QEHI20081480123260,AQ,Despacho Ibéricos,La Rioja,0,Despacho Ibéricos S.A.
1016,RTJQAQOY,GB28QEHI20081480123260,AQ,Despacho Ibéricos,,0,Despacho Ibéricos S.A.
1017,RTJQAQOY,GB28QEHI20081480123260,AQ,Despacho Ibéricos,Spain,0,Despacho Ibéricos S.A.
1018,RTJQAQOY,GB28QEHI20081480123260,AQ,Despacho Ibéricos,Spain,0,Despacho Ibéricos S.A.
1019,RTJQAQOY,GB28QEHI20081480123260,AQ,Despacho Ibéricos S.C.,,0,Despacho Ibéricos S.A.
1020,RTJQAQOY,GB28QEHI20081480123260,AQ,Despacho Ibéricos  S.P.A.,La RiojaES,0,Despacho Ibéricos S.A.
1021,RTJQAQOY,GB28QEHI20081480123260,AQ,Despacho Ibéricos SpA ,,0,Despacho Ibéricos S.A.
1022,RTJQAQOY,GB28QEHI20081480123260,AQ,Despacho/Ibéricos,25137 La Rioja,0,Despacho Ibéricos S.A.
1023,RTJQAQOY,GB28QEHI20081480123260,AQ,Despacho Ibéricos,Spain,0,Despacho Ibéricos S.A.
1024,RTJQAQOY,GB28QEHI20081480123260,AQ,Despacho Ibéricos,,0,Despacho Ibéricos S.A.
1025,RTJQAQOY,GB28QEHI20081480123260,AQ,Despacho .Ibéricos,Spain,0,Despacho Ibéricos S.A.
1026,RTJQAQOY,GB28QEHI20081480123260,AQ,Despacho/Ibéricos - Società per Azioni,,0,Despacho Ibéricos S.A.
1027,RTJQAQOY,GB28QEHI20081480123260,AQ,Despacho Ibéricos S.U.,Spain,0,Despacho Ibéricos S.A.
1028,DFKASHAO,GB66YEUG82065262423285,SH,Sales,"Condomínio Paulo Correia,2 Conjunto Serra Verde-48259-726 Pinto do Amparo  AM",1,Sales
1029,DFKASHAO,GB66YEUG82065262423285,SH,Pereira Ltda.,,1,Pereira Ltda.
1030,DFKASHAO,GB66YEUG82065262423285,SH,Sales Ltda.,,1,Sales Ltda.
1031,DFKASHAO,GB66YEUG82065262423285,SH,Sales  LTT,,1,Sales Ltda.
1032,DFKASHAO,GB66YEUG82065262423285,SH,da Rocha,,1,da Rocha
1033,DFKASHAO,GB66YEUG82065262423285,SH,Moura - ME,,1,Moura - ME
1034,ACEKBNLU,GB83APSI35385669220533,BN,Mercier Hebert SARL,89 boulevard Noël Ledoux 05664  Collin,0,Mercier Hebert SARL
1035,ACEKBNLU,GB83APSI35385669220533,BN,Mercier Hebert S.R.L.,,0,Mercier Hebert SARL
1036,ACEKBNLU,GB83APSI35385669220533,BN,Mercier Hebert,,0,Mercier Hebert SARL
1037,ACEKBNLU,GB83APSI35385669220533,BN,Mercier Hebert S.r.L,France,0,Mercier Hebert SARL
1038,ACEKBNLU,GB83APSI35385669220533,BN,Mercier/Hebert,,0,Mercier Hebert SARL
1039,ACEKBNLU,GB83APSI35385669220533,BN,Mercier Hebert S.r.l.,,0,Mercier Hebert SARL
1040,ACEKBNLU,GB83APSI35385669220533,BN,Mercier Hebert  Srl,,0,Mercier Hebert SARL
1041,ACEKBNLU,GB83APSI35385669220533,BN,Mercier Hebert,05664-Collin,0,Mercier Hebert SARL
1042,ACEKBNLU,GB83APSI35385669220533,BN,Mercier Hebert,,0,Mercier Hebert SARL
1043,ACEKBNLU,GB83APSI35385669220533,BN,Mercier Hebert,Collin France,0,Mercier Hebert SARL
1044,ACEKBNLU,GB83APSI35385669220533,BN,Mercier- Hebert,,0,Mercier Hebert SARL
1045,ACEKBNLU,GB83APSI35385669220533,BN,Mercier Hebert S.R.L.,Collin,0,Mercier Hebert SARL
1046,ACEKBNLU,GB83APSI35385669220533,BN,Mercier- Hebert S.R.L.,boulevard Noël Ledoux  89 Collin  CollinFrance,0,Mercier Hebert SARL
1047,ACEKBNLU,GB83APSI35385669220533,BN,Mercier  Hebert,,0,Mercier Hebert SARL
1048,ACEKBNLU,GB83APSI35385669220533,BN,Mercier Hebert,,0,Mercier Hebert SARL
1049,ACEKBNLU,GB83APSI35385669220533,BN,Mercier Hebert S.r.l.,X,0,Mercier Hebert SARL
1050,ACEKBNLU,GB83APSI35385669220533,BN,Mercier Hebert S.r.L,,0,Mercier Hebert SARL
1051,ACEKBNLU,GB83APSI35385669220533,BN,Mercier Hebert,,0,Mercier Hebert SARL
1052,ACEKBNLU,GB83APSI35385669220533,BN,Mercier Hebert S.r.L,boulvard Noël Ledoux/89 Collin  Collin France,0,Mercier Hebert SARL
1053,ACEKBNLU,GB83APSI35385669220533,BN,Mercier Hebert S.r.L,,0,Mercier Hebert SARL
