,BIC,AccountNumber,CTRYbnk,Name,Address,IsShared,Holder
0,HMHGETBZ,NL71BNUZ6616215301,ET,Wulff GmbH & Co. KGaA,Germany,1,Wulff GmbH & Co. KGaA
1,HMHGETBZ,NL71BNUZ6616215301,ET,Hentschel OHG mbH,,1,Hentschel OHG mbH
2,XTSNCMPS,ES9552421540833026649415,CM,Ribeiro S/A,,0,Ribeiro S/A
3,XTSNCMPS,ES9552421540833026649415,CM,Ribeiro S/A S.c.,,0,Ribeiro S/A
4,LLLHLSQY,IT53F6270673995570538571984,LS,Gremese-Pizzo e figli,,0,Gremese-Pizzo e figli
5,LLLHLSQY,IT53F6270673995570538571984,LS,Gremese Pizzo e figli .S.C.A.R.L.,,0,Gremese-Pizzo e figli
6,LLLHLSQY,IT53F6270673995570538571984,LS,"Gremese  Pizzo e,figli S.C.A.R.L.",,0,Gremese-Pizzo e figli
7,LLLHLSQY,IT53F6270673995570538571984,LS,Gremese  Pizzo e figli .,Piano 7  Strada Rosa Savelli,0,Gremese-Pizzo e figli
8,LLLHLSQY,IT53F6270673995570538571984,LS,Gremese- Pizzo e figli S.C.A.R.L,Savelli IT,0,Gremese-Pizzo e figli
9,LLLHLSQY,IT53F6270673995570538571984,LS,Gremese Pizzo e figli-,,0,Gremese-Pizzo e figli
10,LLLHLSQY,IT53F6270673995570538571984,LS,Gremese Pizzo e figli S.c.a.r.l.,,0,Gremese-Pizzo e figli
11,LLLHLSQY,IT53F6270673995570538571984,LS,Gremese Pizzo e figli S.c.a.r.l.,,0,Gremese-Pizzo e figli
12,LLLHLSQY,IT53F6270673995570538571984,LS,Gremese Pizzo e figli,Strada Rosa Piano 7 Savelli (KR) Italia,0,Gremese-Pizzo e figli
13,LLLHLSQY,IT53F6270673995570538571984,LS,Gremese Pizzo e figli,.,0,Gremese-Pizzo e figli
14,LLLHLSQY,IT53F6270673995570538571984,LS,Gremese Pizzo-e figli. S.c.a.r.l,Savelli,0,Gremese-Pizzo e figli
15,LLLHLSQY,IT53F6270673995570538571984,LS,Gremese Pizzo e figli - S.C.A.R.L,88825 Savelli,0,Gremese-Pizzo e figli
16,LLLHLSQY,IT53F6270673995570538571984,LS,Gremese Pizzo e figli,,0,Gremese-Pizzo e figli
17,LLLHLSQY,IT53F6270673995570538571984,LS,Gremese Pizzo e figli,Strada Rosa Piano 7-Savelli KR  Italia,0,Gremese-Pizzo e figli
18,LLLHLSQY,IT53F6270673995570538571984,LS,Gremese Pizzo e figli S.C.A.R.L.,,0,Gremese-Pizzo e figli
19,LLLHLSQY,IT53F6270673995570538571984,LS,Gremese. Pizzo e figli S.C.A.R.L.,Strada Rosa  Piano 7  Savelli (KR)/Italia,0,Gremese-Pizzo e figli
20,LLLHLSQY,IT53F6270673995570538571984,LS,Gremese Pizzo e figli,,0,Gremese-Pizzo e figli
21,LLLHLSQY,IT53F6270673995570538571984,LS,Gremese Pizzo e figli,,0,Gremese-Pizzo e figli
22,LLLHLSQY,IT53F6270673995570538571984,LS,Gremese- Pizzo e figli,-- --,0,Gremese-Pizzo e figli
23,LLLHLSQY,IT53F6270673995570538571984,LS,Gremese Pizzo e figli .,,0,Gremese-Pizzo e figli
24,LLLHLSQY,IT53F6270673995570538571984,LS,Gremese Pizzo e figli S.c.a.r.l,,0,Gremese-Pizzo e figli
25,LLLHLSQY,IT53F6270673995570538571984,LS,Gremese Pizzo.e figli,,0,Gremese-Pizzo e figli
26,LLLHLSQY,IT53F6270673995570538571984,LS,Gremese Pizzo e figli SCARL,,0,Gremese-Pizzo e figli
27,LLLHLSQY,IT53F6270673995570538571984,LS,Gremese Pizzo e figli S.C.A.R.L.,,0,Gremese-Pizzo e figli
28,LLLHLSQY,IT53F6270673995570538571984,LS,Gremese Pizzo e  - figli. S.C.A.R.L,,0,Gremese-Pizzo e figli
29,PNEHMTQJ,NL83JRTP7038191495,MT,"Alexander, Tomlinson and Carter",,0,"Alexander, Tomlinson and Carter"
30,PNEHMTQJ,NL83JRTP7038191495,MT,"AlexIndustrieser, Tomlinson Industries Carter",M3 1XY Stokesview,0,"Alexander, Tomlinson and Carter"
31,PNEHMTQJ,NL83JRTP7038191495,MT,"AlexIndustrieser, Tomlinson Industries Carter",,0,"Alexander, Tomlinson and Carter"
32,KZTESZBM,IT96W7771350738780587954698,SZ,Reichmann GmbH & Co. KG,,1,Reichmann GmbH & Co. KG
33,KZTESZBM,IT96W7771350738780587954698,SZ,Reichmann GmbH &,,1,Reichmann GmbH & Co. KG
34,KZTESZBM,IT96W7771350738780587954698,SZ,Reichmann GmbH Comp. KG,39126Kassel,1,Reichmann GmbH & Co. KG
35,KZTESZBM,IT96W7771350738780587954698,SZ,Reichmann GmbH & Co. KG,,1,Reichmann GmbH & Co. KG
36,KZTESZBM,IT96W7771350738780587954698,SZ,"Reichmann,GmbH & KG",,1,Reichmann GmbH & Co. KG
37,KZTESZBM,IT96W7771350738780587954698,SZ,Reichmann GmbH,39126 Kassel,1,Reichmann GmbH & Co. KG
38,KZTESZBM,IT96W7771350738780587954698,SZ,Weinhold Höfig AG,,1,Weinhold Höfig AG
39,KZTESZBM,IT96W7771350738780587954698,SZ,Krebs GmbH & Co. KG,82305-Vilsbiburg,1,Krebs GmbH & Co. KG
40,KZTESZBM,IT96W7771350738780587954698,SZ,"Krebs,GmbH",,1,Krebs GmbH & Co. KG
41,KZTESZBM,IT96W7771350738780587954698,SZ,Krebs GmbH &,,1,Krebs GmbH & Co. KG
42,KZTESZBM,IT96W7771350738780587954698,SZ,Krebs GmbH & KG,,1,Krebs GmbH & Co. KG
43,KZTESZBM,IT96W7771350738780587954698,SZ,Krebs GmbH & Company,Putzplatz Vilsbiburg/Vilsbiburg DE,1,Krebs GmbH & Co. KG
44,KZTESZBM,IT96W7771350738780587954698,SZ,Krebs GmbH & KG,,1,Krebs GmbH & Co. KG
45,KZTESZBM,IT96W7771350738780587954698,SZ,Krebs GmbH & Co. KG,,1,Krebs GmbH & Co. KG
46,KZTESZBM,IT96W7771350738780587954698,SZ,Krebs GmbH & KG,,1,Krebs GmbH & Co. KG
47,KZTESZBM,IT96W7771350738780587954698,SZ,"Krebs GmbH.&,Comp. KG",,1,Krebs GmbH & Co. KG
48,KZTESZBM,IT96W7771350738780587954698,SZ,Krebs GmbH & Comp. KG,Putzplatz-Vilsbiburg  Vilsbiburg-ermany,1,Krebs GmbH & Co. KG
49,KZTESZBM,IT96W7771350738780587954698,SZ,Krebs GmbH & KG,,1,Krebs GmbH & Co. KG
50,KZTESZBM,IT96W7771350738780587954698,SZ,Krebs GmbH & Comp.  KG,Vilsbiburg DE,1,Krebs GmbH & Co. KG
51,KZTESZBM,IT96W7771350738780587954698,SZ,Krebs GmbH & Company KG,,1,Krebs GmbH & Co. KG
52,KZTESZBM,IT96W7771350738780587954698,SZ,Krebs GmbH &,,1,Krebs GmbH & Co. KG
53,KZTESZBM,IT96W7771350738780587954698,SZ,Krebs .GmbH &,,1,Krebs GmbH & Co. KG
54,KZTESZBM,IT96W7771350738780587954698,SZ,Krebs GmbH & Comp. KG,,1,Krebs GmbH & Co. KG
55,KZTESZBM,IT96W7771350738780587954698,SZ,Krebs  GmbH & Company- KG,Vilsbiburg Germany,1,Krebs GmbH & Co. KG
56,KZTESZBM,IT96W7771350738780587954698,SZ,Krebs GmbH & Comp. KG,"Vilsbiburg,Putzplatz-Vilsbiburg",1,Krebs GmbH & Co. KG
57,KZTESZBM,IT96W7771350738780587954698,SZ,Krebs GmbH & Comp.,,1,Krebs GmbH & Co. KG
58,KZTESZBM,IT96W7771350738780587954698,SZ,Krebs GmbH & Company KG,,1,Krebs GmbH & Co. KG
59,KZTESZBM,IT96W7771350738780587954698,SZ,Krebs GmbH.& KG,Germany,1,Krebs GmbH & Co. KG
60,KZTESZBM,IT96W7771350738780587954698,SZ,"Krebs,GmbH &",Putzplatz VilsbiburgVilsbiburg  DE,1,Krebs GmbH & Co. KG
61,KZTESZBM,IT96W7771350738780587954698,SZ,Krebs. GmbH & Company KG,__ _,1,Krebs GmbH & Co. KG
62,KZTESZBM,IT96W7771350738780587954698,SZ,Krebs GmbH &,"Putzpatz,Vilsbiburg VilsbiburgGermany",1,Krebs GmbH & Co. KG
63,KZTESZBM,IT96W7771350738780587954698,SZ,Krebs GmbH. Company KG,,1,Krebs GmbH & Co. KG
64,KZTESZBM,IT96W7771350738780587954698,SZ,Krebs GmbH & Comp. KG,,1,Krebs GmbH & Co. KG
65,KZTESZBM,IT96W7771350738780587954698,SZ,Krebs GmbH &,,1,Krebs GmbH & Co. KG
66,KZTESZBM,IT96W7771350738780587954698,SZ,Krebs GmbH & Comp. KG,,1,Krebs GmbH & Co. KG
67,KZTESZBM,IT96W7771350738780587954698,SZ,Krebs GmbH & Co. KG,Vilsbiburg,1,Krebs GmbH & Co. KG
68,KZTESZBM,IT96W7771350738780587954698,SZ,Krebs GmbH & KG,,1,Krebs GmbH & Co. KG
69,KZTESZBM,IT96W7771350738780587954698,SZ,Krebs GmbH &,,1,Krebs GmbH & Co. KG
70,KZTESZBM,IT96W7771350738780587954698,SZ,Krebs GmbH & Co KG,82305 Vilsbiburg,1,Krebs GmbH & Co. KG
71,KZTESZBM,IT96W7771350738780587954698,SZ,Krebs GmbH &,,1,Krebs GmbH & Co. KG
72,KZTESZBM,IT96W7771350738780587954698,SZ,Krebs GmbH & KG,Vilsbiburg Germany,1,Krebs GmbH & Co. KG
73,KZTESZBM,IT96W7771350738780587954698,SZ,Krebs GmbH-& Comp.,,1,Krebs GmbH & Co. KG
74,KZTESZBM,IT96W7771350738780587954698,SZ,Krebs GmbH &,Germany,1,Krebs GmbH & Co. KG
75,KZTESZBM,IT96W7771350738780587954698,SZ,Krebs GmbH & -,Putzplatz Vilsbiburg  Vilsbiburg DE,1,Krebs GmbH & Co. KG
76,KZTESZBM,IT96W7771350738780587954698,SZ,Krebs GmbH & Comp. KG,,1,Krebs GmbH & Co. KG
77,KZTESZBM,IT96W7771350738780587954698,SZ,Krebs GmbH &,,1,Krebs GmbH & Co. KG
78,KZTESZBM,IT96W7771350738780587954698,SZ,Krebs GmbH & Co. KG,"Putzplatz,Vilsbiburg,Vilsbiburg-DE",1,Krebs GmbH & Co. KG
79,KZTESZBM,IT96W7771350738780587954698,SZ,Krebs GmbH & KG,,1,Krebs GmbH & Co. KG
80,KZTESZBM,IT96W7771350738780587954698,SZ,Krebs GmbH &,,1,Krebs GmbH & Co. KG
81,KZTESZBM,IT96W7771350738780587954698,SZ,Krebs GmbH Comp. KG,"Putzplatz Vilsbiburg-Vilsbiburg,Germany",1,Krebs GmbH & Co. KG
82,KZTESZBM,IT96W7771350738780587954698,SZ,Krebs GmbH &,,1,Krebs GmbH & Co. KG
83,KZTESZBM,IT96W7771350738780587954698,SZ,Krebs GmbH & -,Vilsbiburg,1,Krebs GmbH & Co. KG
84,KZTESZBM,IT96W7771350738780587954698,SZ,Krebs GmbH & KG,,1,Krebs GmbH & Co. KG
85,KZTESZBM,IT96W7771350738780587954698,SZ,Krebs GmbH & KG,Vilsbiburg DE,1,Krebs GmbH & Co. KG
86,KZTESZBM,IT96W7771350738780587954698,SZ,Krebs-GmbH & Co KG,,1,Krebs GmbH & Co. KG
87,KZTESZBM,IT96W7771350738780587954698,SZ,Krebs GmbH &,,1,Krebs GmbH & Co. KG
88,KZTESZBM,IT96W7771350738780587954698,SZ,Krebs GmbH &,Vilsbiburg,1,Krebs GmbH & Co. KG
89,KZTESZBM,IT96W7771350738780587954698,SZ,Krebs GmbH & KG,,1,Krebs GmbH & Co. KG
90,KZTESZBM,IT96W7771350738780587954698,SZ,Krebs GmbH &,,1,Krebs GmbH & Co. KG
91,KZTESZBM,IT96W7771350738780587954698,SZ,Krebs GmbH &,Putplatz  Vilsbiburg/Vilsbiburg  DE,1,Krebs GmbH & Co. KG
92,KZTESZBM,IT96W7771350738780587954698,SZ,Krebs GmbH & Company KG,Vilsbiburg,1,Krebs GmbH & Co. KG
93,KZTESZBM,IT96W7771350738780587954698,SZ,Krebs GmbH & -,,1,Krebs GmbH & Co. KG
94,KZTESZBM,IT96W7771350738780587954698,SZ,Krebs GmbH & KG,"Putzplatz Vilsbiburg  Vilsbiburg,Germany",1,Krebs GmbH & Co. KG
95,KZTESZBM,IT96W7771350738780587954698,SZ,Krebs GmbH & Comp.,,1,Krebs GmbH & Co. KG
96,KZTESZBM,IT96W7771350738780587954698,SZ,Krebs GmbH &,,1,Krebs GmbH & Co. KG
97,KZTESZBM,IT96W7771350738780587954698,SZ,Krebs GmbH  & KG,,1,Krebs GmbH & Co. KG
98,KZTESZBM,IT96W7771350738780587954698,SZ,Krebs GmbH &-Co. KG,,1,Krebs GmbH & Co. KG
99,KZTESZBM,IT96W7771350738780587954698,SZ,Krebs GmbH &  Company KG,,1,Krebs GmbH & Co. KG
100,KZTESZBM,IT96W7771350738780587954698,SZ,Krebs GmbH &,Germany,1,Krebs GmbH & Co. KG
101,KZTESZBM,IT96W7771350738780587954698,SZ,Krebs GmbH &,,1,Krebs GmbH & Co. KG
102,KZTESZBM,IT96W7771350738780587954698,SZ,Krebs GmbH &  Co KG,Putzplatz Vilsbiburg Vilsbiburg-Germany,1,Krebs GmbH & Co. KG
103,KZTESZBM,IT96W7771350738780587954698,SZ,Krebs GmbH & Co KG,Putzplatz  Vilsbiburg-Vilsbiburg/DE,1,Krebs GmbH & Co. KG
104,KZTESZBM,IT96W7771350738780587954698,SZ,Krebs GmbH & Company. KG,,1,Krebs GmbH & Co. KG
105,KZTESZBM,IT96W7771350738780587954698,SZ,Krebs GmbH &,Putzplatz Vilsbiburg/Vilsbiburg Germany,1,Krebs GmbH & Co. KG
106,KZTESZBM,IT96W7771350738780587954698,SZ,Krebs- GmbH &,,1,Krebs GmbH & Co. KG
107,KZTESZBM,IT96W7771350738780587954698,SZ,Krebs GmbH &.Company,,1,Krebs GmbH & Co. KG
108,KZTESZBM,IT96W7771350738780587954698,SZ,Krebs. GmbH & KG,,1,Krebs GmbH & Co. KG
109,KZTESZBM,IT96W7771350738780587954698,SZ,Krebs- GmbH Comp. KG,__,1,Krebs GmbH & Co. KG
110,KZTESZBM,IT96W7771350738780587954698,SZ,Christoph Süßebier GmbH,,1,Christoph Süßebier GmbH
111,KZTESZBM,IT96W7771350738780587954698,SZ,Christoph Süßebier GmbH,,1,Christoph Süßebier GmbH
112,BXEYIROI,GB81IDBK28190426026119,IR,Reyes-Acevedo,United States,0,Reyes-Acevedo
113,BXEYIROI,GB81IDBK28190426026119,IR,Reyes- Acevedo,,0,Reyes-Acevedo
114,BXEYIROI,GB81IDBK28190426026119,IR,Reyes Acevedo,,0,Reyes-Acevedo
115,BXEYIROI,GB81IDBK28190426026119,IR,Reyes.Acevedo,,0,Reyes-Acevedo
116,BXEYIROI,GB81IDBK28190426026119,IR,Reyes -  Acevedo,* **,0,Reyes-Acevedo
117,BXEYIROI,GB81IDBK28190426026119,IR,Reyes Acevedo,,0,Reyes-Acevedo
118,BXEYIROI,GB81IDBK28190426026119,IR,Reyes Acevedo,,0,Reyes-Acevedo
119,YZPIGDJQ,ES5816712629120245024345,GD,Fujitsu,,0,Fujitsu
120,YZPIGDJQ,ES5816712629120245024345,GD,Fujitsu Società per Azioni,Ouwsterhaule/Sarapad  Ouwsterhaule,0,Fujitsu
121,YZPIGDJQ,ES5816712629120245024345,GD,Fujitsu,Sarapad  987/3261 RV Ouwsterhaule,0,Fujitsu
122,YZPIGDJQ,ES5816712629120245024345,GD,Fujitsu,,0,Fujitsu
123,YZPIGDJQ,ES5816712629120245024345,GD,Fujitsu SA,3261 RV Ouwsterhaule,0,Fujitsu
124,YZPIGDJQ,ES5816712629120245024345,GD,Fujitsu S.p.A.,,0,Fujitsu
125,YZPIGDJQ,ES5816712629120245024345,GD,Fujitsu,,0,Fujitsu
126,YZPIGDJQ,ES5816712629120245024345,GD,Fujitsu  S.P.A,/ //,0,Fujitsu
127,YZPIGDJQ,ES5816712629120245024345,GD,Fujitsu SPA,Sarapad  Ouwsterhaule Ouwsterhaule  NL,0,Fujitsu
128,YZPIGDJQ,ES5816712629120245024345,GD,Fujitsu SPA,,0,Fujitsu
129,YZPIGDJQ,ES5816712629120245024345,GD,Fujitsu,Ouwsterhaule Netherlands,0,Fujitsu
130,YZPIGDJQ,ES5816712629120245024345,GD,Fujitsu/,,0,Fujitsu
131,YZPIGDJQ,ES5816712629120245024345,GD,Fujitsu  S.P.A,,0,Fujitsu
132,YZPIGDJQ,ES5816712629120245024345,GD,"Fujitsu,",,0,Fujitsu
133,YZPIGDJQ,ES5816712629120245024345,GD,Fujitsu/,Ouwsterhaule  Sarapad Ouwsterhaule,0,Fujitsu
134,YZPIGDJQ,ES5816712629120245024345,GD,Fujitsu SPA,3261 RV/Ouwsterhaule,0,Fujitsu
135,YZPIGDJQ,ES5816712629120245024345,GD,Fujitsu SpA ,,0,Fujitsu
136,YZPIGDJQ,ES5816712629120245024345,GD,Fujitsu S.u.,** *  *,0,Fujitsu
137,YZPIGDJQ,ES5816712629120245024345,GD,Fujitsu,,0,Fujitsu
138,YZPIGDJQ,ES5816712629120245024345,GD,Fujitsu,X  X,0,Fujitsu
139,YZPIGDJQ,ES5816712629120245024345,GD,Fujitsu-SA,,0,Fujitsu
140,YZPIGDJQ,ES5816712629120245024345,GD,Fujitsu,Sarapad-Ouwsterhaule OuwsterhauleNL,0,Fujitsu
141,YZPIGDJQ,ES5816712629120245024345,GD,Fujitsu S.C.,,0,Fujitsu
142,YZPIGDJQ,ES5816712629120245024345,GD,Fujitsu S.p.A.,"Sarapad/Ouwsterhaule-Ouwsterhaule,Netherlands",0,Fujitsu
143,YZPIGDJQ,ES5816712629120245024345,GD,Fujitsu,,0,Fujitsu
144,YZPIGDJQ,ES5816712629120245024345,GD,Fujitsu S.p.A.,/ /  / /,0,Fujitsu
145,YZPIGDJQ,ES5816712629120245024345,GD,Fujitsu S.u.,,0,Fujitsu
146,YZPIGDJQ,ES5816712629120245024345,GD,Fujitsu.,,0,Fujitsu
147,YZPIGDJQ,ES5816712629120245024345,GD,Fujitsu,Ouwsterhaule,0,Fujitsu
148,YZPIGDJQ,ES5816712629120245024345,GD,Fujitsu,Netherlands,0,Fujitsu
149,MQTNKPNE,GB64JNAN37693807815430,KP,"Gonzaga, Solari e Sokolov SPA",,1,"Gonzaga, Solari e Sokolov SPA"
150,MQTNKPNE,GB64JNAN37693807815430,KP,"Aldobrandi, Anastasi e Ovadia s.r.l.",Italia,1,"Aldobrandi, Anastasi e Ovadia s.r.l."
151,JLAQNAYA,FR5632499487036811502655483,NA,Schönland,,1,Schönland
152,JLAQNAYA,FR5632499487036811502655483,NA,Kühnert Hiller Stiftung & Co. KGaA,Denis-Tlustek-Straße  Melle/Melle DE,1,Kühnert Hiller Stiftung & Co. KGaA
153,EZHMVAAG,GB60CGYP29222376231799,VA,"Evans, Davies and Cooke",,0,"Evans, Davies and Cooke"
154,EZHMVAAG,GB60CGYP29222376231799,VA,"Evans,-Davies",Studio 26NStephens branch West Norman-SS6 0SY,0,"Evans, Davies and Cooke"
155,HRZPESZR,GB61SGWI95926976554332,ES,Ferraris-Monaco SPA,,0,Ferraris-Monaco SPA
156,HRZPESZR,GB61SGWI95926976554332,ES,Ferraris. Monaco,,0,Ferraris-Monaco SPA
157,DJCWTVCJ,GB10OZGA91162968095883,TV,"Sbarbaro, Borsiere e Antonelli e figli",Via Cimarosa Pano 3Suello/LC IT,1,"Sbarbaro, Borsiere e Antonelli e figli"
158,DJCWTVCJ,GB10OZGA91162968095883,TV,Semitecolo Group,Gandino IT,1,Semitecolo Group
159,FIHKCNUL,ES2908856559170114104461,CN,"Mogherini, Pincherle e Terragni e figli",,1,"Mogherini, Pincherle e Terragni e figli"
160,FIHKCNUL,ES2908856559170114104461,CN,"Mogherini, Pincherle e Terragni e figli",,1,"Mogherini, Pincherle e Terragni e figli"
161,FIHKCNUL,ES2908856559170114104461,CN,"Mogherini, Pincherle e Terragni e figli",,1,"Mogherini, Pincherle e Terragni e figli"
162,FIHKCNUL,ES2908856559170114104461,CN,"Monteverdi, Navarria e Manacorda Group",,1,"Monteverdi, Navarria e Manacorda Group"
163,FIHKCNUL,ES2908856559170114104461,CN,"Monteverdi, Navarria-e Manacorda",X X X  X,1,"Monteverdi, Navarria e Manacorda Group"
164,FIHKCNUL,ES2908856559170114104461,CN,"Monteverdi, Navarria  e Manacorda Grp",Roccamandolfi,1,"Monteverdi, Navarria e Manacorda Group"
165,FIHKCNUL,ES2908856559170114104461,CN,"Monteverdi, Navarria e Manacorda",,1,"Monteverdi, Navarria e Manacorda Group"
166,FIHKCNUL,ES2908856559170114104461,CN,"Monteverdi, Navarria e Manacorda Gp.",,1,"Monteverdi, Navarria e Manacorda Group"
167,FIHKCNUL,ES2908856559170114104461,CN,"Monteverdi, Navarria e Manacorda Grp",,1,"Monteverdi, Navarria e Manacorda Group"
168,FIHKCNUL,ES2908856559170114104461,CN,"Monteverdi, Navarria Manacorda",,1,"Monteverdi, Navarria e Manacorda Group"
169,FIHKCNUL,ES2908856559170114104461,CN,"Monteverdi, Navarria e Manacorda Grp",Roccamandolfi Italia,1,"Monteverdi, Navarria e Manacorda Group"
170,FIHKCNUL,ES2908856559170114104461,CN,"Monteverdi, Navarria e Manacorda","Incrocio BadoglioRoccamandolfi,(IS) Italia",1,"Monteverdi, Navarria e Manacorda Group"
171,FIHKCNUL,ES2908856559170114104461,CN,"Monteverdi, Navarria e Manacorda Grp",,1,"Monteverdi, Navarria e Manacorda Group"
172,FIHKCNUL,ES2908856559170114104461,CN,"Monteverdi, Navarria e Manacorda Gp.",,1,"Monteverdi, Navarria e Manacorda Group"
173,FIHKCNUL,ES2908856559170114104461,CN,"Monteverdi, Navarria e Manacorda Gp.",,1,"Monteverdi, Navarria e Manacorda Group"
174,FIHKCNUL,ES2908856559170114104461,CN,"Monteverdi, Navarria e Manacorda",,1,"Monteverdi, Navarria e Manacorda Group"
175,FIHKCNUL,ES2908856559170114104461,CN,"Monteverdi, Navarria e",,1,"Monteverdi, Navarria e Manacorda Group"
176,FIHKCNUL,ES2908856559170114104461,CN,"Monteverdi, .Navarria e  Manacorda","Incrocio Badoglio,Roccamandolfi",1,"Monteverdi, Navarria e Manacorda Group"
177,FIHKCNUL,ES2908856559170114104461,CN,"Monteverdi, Navarria e Manacorda Grp.",,1,"Monteverdi, Navarria e Manacorda Group"
178,FIHKCNUL,ES2908856559170114104461,CN,"Monteverdi, Navarria Manacorda-Gr.",Incrocio Badogli Roccamandolfi/(IS) Italia,1,"Monteverdi, Navarria e Manacorda Group"
179,FIHKCNUL,ES2908856559170114104461,CN,"Monteverdi, Navarria e Manacorda Grp",,1,"Monteverdi, Navarria e Manacorda Group"
180,FIHKCNUL,ES2908856559170114104461,CN,"Monteverdi, Navarria e Manacorda Gp.",,1,"Monteverdi, Navarria e Manacorda Group"
181,FIHKCNUL,ES2908856559170114104461,CN,"Gremese, Matteotti e Ferrata e figli",,1,"Gremese, Matteotti e Ferrata e figli"
182,FIHKCNUL,ES2908856559170114104461,CN,"Gremese, Matteotti e Ferrata e",,1,"Gremese, Matteotti e Ferrata e figli"
183,FIHKCNUL,ES2908856559170114104461,CN,Parpinel s.r.l.,Villa Col Dei Canali Italia,1,Parpinel s.r.l.
184,MGODDMLM,ES8404380951105898795759,DM,Vallenduuk BV,_  __,0,Vallenduuk BV
185,MGODDMLM,ES8404380951105898795759,DM,Vallenduuk BV- Glob.,"Maritbaan,Gapinge Gapinge Netherlands",0,Vallenduuk BV
186,REPEGBEH,FR5361151566403969030008569,GB,Boer BV,,0,Boer BV
187,REPEGBEH,FR5361151566403969030008569,GB,Boer BV Inds.,,0,Boer BV
188,REPEGBEH,FR5361151566403969030008569,GB,Boer BV Industries,,0,Boer BV
189,REPEGBEH,FR5361151566403969030008569,GB,Boer BV Inds.,*,0,Boer BV
190,REPEGBEH,FR5361151566403969030008569,GB,Boer BV-,Onstwedde NL,0,Boer BV
191,REPEGBEH,FR5361151566403969030008569,GB,Boer BV Inds.,__ __,0,Boer BV
192,REPEGBEH,FR5361151566403969030008569,GB,Boer BV Inds.,Onstwedde NL,0,Boer BV
193,REPEGBEH,FR5361151566403969030008569,GB,Boer. BV Inds.,,0,Boer BV
194,REPEGBEH,FR5361151566403969030008569,GB,Boer BV  Ind.,,0,Boer BV
195,REPEGBEH,FR5361151566403969030008569,GB,Boer BV Industries,"Onstwedde,Daniquestraat  Onstwedde",0,Boer BV
196,HDWLRWKQ,NL10FKFK2321509815,RW,Rousseau Petit SARL,,0,Rousseau Petit SARL
197,HDWLRWKQ,NL10FKFK2321509815,RW,Rousseau Petit,,0,Rousseau Petit SARL
198,PEEQSIKS,ES7599184202244046318126,SI,Klerks & Hermans,// /,0,Klerks & Hermans
199,PEEQSIKS,ES7599184202244046318126,SI,Klerks & Hermans,Netherlands,0,Klerks & Hermans
200,TYCGCXPD,GB94YYNK09218338803582,CX,Malipiero Group,,0,Malipiero Group
201,TYCGCXPD,GB94YYNK09218338803582,CX,Malipiero/,,0,Malipiero Group
202,TYCGCXPD,GB94YYNK09218338803582,CX,Malipiero  Grp.,,0,Malipiero Group
203,TYCGCXPD,GB94YYNK09218338803582,CX,Malipiero Grp.,,0,Malipiero Group
204,RUAACCMQ,GB51PDWK65935855655189,CC,Foster-Gibson,,0,Foster-Gibson
205,RUAACCMQ,GB51PDWK65935855655189,CC,Foster Gibson PLCC,,0,Foster-Gibson
206,RUAACCMQ,GB51PDWK65935855655189,CC,Foster Gibson,548/Pearce pass West Brian  M9 7RE,0,Foster-Gibson
207,RUAACCMQ,GB51PDWK65935855655189,CC,Foster Gibson pLC,,0,Foster-Gibson
208,RUAACCMQ,GB51PDWK65935855655189,CC,Foster .Gibson,Pearce pass  548 West Brian-GB,0,Foster-Gibson
209,RUAACCMQ,GB51PDWK65935855655189,CC,Foster Gibson P.L.C.,,0,Foster-Gibson
210,RUAACCMQ,GB51PDWK65935855655189,CC,Foster .Gibson - Pvt. Ltd.,"Pearce pass,548  West Brian-United Kingdom",0,Foster-Gibson
211,RUAACCMQ,GB51PDWK65935855655189,CC,Foster Gibson,,0,Foster-Gibson
212,RUAACCMQ,GB51PDWK65935855655189,CC,Foster-Gibson P.L.C.,,0,Foster-Gibson
213,RUAACCMQ,GB51PDWK65935855655189,CC,Foster  Gibson pLC,,0,Foster-Gibson
214,RUAACCMQ,GB51PDWK65935855655189,CC,Foster Gibson/Pvt. Ltd,,0,Foster-Gibson
215,UJTRZANV,GB93IWNJ02614885750441,ZA,Bazzi SPA,,0,Bazzi SPA
216,UJTRZANV,GB93IWNJ02614885750441,ZA,Bazzi SPA Inc.,,0,Bazzi SPA
217,UJTRZANV,GB93IWNJ02614885750441,ZA,Bazzi SPA-,,0,Bazzi SPA
218,UJTRZANV,GB93IWNJ02614885750441,ZA,Bazzi  SPA Industries,,0,Bazzi SPA
219,UJTRZANV,GB93IWNJ02614885750441,ZA,Bazzi SPA/Inds.,,0,Bazzi SPA
220,UJTRZANV,GB93IWNJ02614885750441,ZA,Bazzi S.p.A. - Ind,,0,Bazzi SPA
221,UJTRZANV,GB93IWNJ02614885750441,ZA,Bazzi SPA Inc.,,0,Bazzi SPA
222,UJTRZANV,GB93IWNJ02614885750441,ZA,Bazzi  SPA Industries,,0,Bazzi SPA
223,UJTRZANV,GB93IWNJ02614885750441,ZA,Bazzi,,0,Bazzi SPA
224,UJTRZANV,GB93IWNJ02614885750441,ZA,Bazzi,,0,Bazzi SPA
225,UJTRZANV,GB93IWNJ02614885750441,ZA,Bazzi,Appartamento 4 Rotonda Peano-Faggiano,0,Bazzi SPA
226,UJTRZANV,GB93IWNJ02614885750441,ZA,"Bazzi,SPA  Ind","Appartamento 4,Rotonda PeanoFaggiano",0,Bazzi SPA
227,UJTRZANV,GB93IWNJ02614885750441,ZA,Bazzi- S.P.A.  Ind,,0,Bazzi SPA
228,UJTRZANV,GB93IWNJ02614885750441,ZA,Bazzi-SPA Inds.,Faggiano,0,Bazzi SPA
229,SWPSGWSS,GB15LMXX73550616179408,GW,Verwoert Groep,Garrelsweer  Miadreef-Garrelsweer,1,Verwoert Groep
230,SWPSGWSS,GB15LMXX73550616179408,GW,Kuilenburg & Huls,Netherlands,1,Kuilenburg & Huls
231,RLJKKYJL,GB34QIRK53884004528502,KY,"Scialpi, Persico e Benigni SPA",10137 Torino,0,"Scialpi, Persico e Benigni SPA"
232,RLJKKYJL,GB34QIRK53884004528502,KY,"Scialpi, Persico e Benigni SPA",,0,"Scialpi, Persico e Benigni SPA"
233,ZSTNLYEC,FR5570427002186534358144984,LY,Hardy-Thomas,,1,Hardy-Thomas
234,ZSTNLYEC,FR5570427002186534358144984,LY,Hardy Thomas,Lake Deborahshire GB,1,Hardy-Thomas
235,ZSTNLYEC,FR5570427002186534358144984,LY,Hardy Thomas,,1,Hardy-Thomas
236,ZSTNLYEC,FR5570427002186534358144984,LY,Roberts PLC,Chapman avenue  Port Katy,1,Roberts PLC
237,ZSTNLYEC,FR5570427002186534358144984,LY,Roberts,Port Katy GB,1,Roberts PLC
238,ZSTNLYEC,FR5570427002186534358144984,LY,Roberts pLC,,1,Roberts PLC
239,ZSTNLYEC,FR5570427002186534358144984,LY,Roberts plc,,1,Roberts PLC
240,ZSTNLYEC,FR5570427002186534358144984,LY,Roberts,,1,Roberts PLC
241,ZSTNLYEC,FR5570427002186534358144984,LY,Roberts P.L.C,,1,Roberts PLC
242,ZSTNLYEC,FR5570427002186534358144984,LY,Roberts,/  / /,1,Roberts PLC
243,BPJCJEFX,GB10DSUG37584005424271,JE,da Mota,,0,da Mota
244,BPJCJEFX,GB10DSUG37584005424271,JE,Mota S.a,,0,da Mota
245,PUXJPMXC,GB56OQZR43176813824670,PM,Costa,"SC  Lago Sophie Porto,São Bernardo",1,Costa
246,PUXJPMXC,GB56OQZR43176813824670,PM,Duarte,"Residencial Luana Rodrigues,MS Gutierrez,MS,Brazil",1,Duarte
247,PUXJPMXC,GB56OQZR43176813824670,PM,Pinto Lima Ltda.,-- --,1,Pinto Lima Ltda.
248,PUXJPMXC,GB56OQZR43176813824670,PM,Pinto Lima Ltd ,SE  Trevo de Correia Conjunto Bonsucesso,1,Pinto Lima Ltda.
249,PUXJPMXC,GB56OQZR43176813824670,PM,Pinto Lima Ltd.,,1,Pinto Lima Ltda.
250,PUXJPMXC,GB56OQZR43176813824670,PM,Pinto  Lima,Trevo de Correia SE Conjunto Bonsucesso SE BR,1,Pinto Lima Ltda.
251,PUXJPMXC,GB56OQZR43176813824670,PM,Pinto Lima LTd.,,1,Pinto Lima Ltda.
252,PUXJPMXC,GB56OQZR43176813824670,PM,Pinto Lima LTT,//,1,Pinto Lima Ltda.
253,PUXJPMXC,GB56OQZR43176813824670,PM,Pinto Lima Ltd.,,1,Pinto Lima Ltda.
254,PUXJPMXC,GB56OQZR43176813824670,PM,Pinto Lima LTD,SETrevo de Correia  Conjunto Bonsucesso,1,Pinto Lima Ltda.
255,PUXJPMXC,GB56OQZR43176813824670,PM,Pinto Lima,30215-374 DiasConjunto Bonsucesso,1,Pinto Lima Ltda.
256,PUXJPMXC,GB56OQZR43176813824670,PM,Lima Ltda.,,1,Lima Ltda.
257,PUXJPMXC,GB56OQZR43176813824670,PM,Lima LTD S r - l,,1,Lima Ltda.
258,PUXJPMXC,GB56OQZR43176813824670,PM,Lima LTD .S r l,"Quadra de Moreira  GO Vila Minaslandia,(GO)-BR",1,Lima Ltda.
259,PUXJPMXC,GB56OQZR43176813824670,PM,Lima Ltda. S.c. r - l,,1,Lima Ltda.
260,PUXJPMXC,GB56OQZR43176813824670,PM,Lima Ltda.,,1,Lima Ltda.
261,PUXJPMXC,GB56OQZR43176813824670,PM,Lima Ltda. S.c r l,Vila Minaslandia,1,Lima Ltda.
262,ZJUUNZBH,ES2299610212578005122903,NZ,Price Inc,,0,Price Inc
263,ZJUUNZBH,ES2299610212578005122903,NZ,Price S.N.C.,,0,Price Inc
264,PGLOZASC,NL46EFLM7956712262,ZA,Budig,,1,Budig
265,PGLOZASC,NL46EFLM7956712262,ZA,Budig Public  Limited Company,70604 Donaueschingen,1,Budig
266,PGLOZASC,NL46EFLM7956712262,ZA,Budig P.L.C.,,1,Budig
267,PGLOZASC,NL46EFLM7956712262,ZA,Budig pLC,,1,Budig
268,PGLOZASC,NL46EFLM7956712262,ZA,Kruschwitz,,1,Kruschwitz
269,PGLOZASC,NL46EFLM7956712262,ZA,Kruschwitz Group,,1,Kruschwitz
270,PGLOZASC,NL46EFLM7956712262,ZA,Kruschwitz-Group,,1,Kruschwitz
271,PGLOZASC,NL46EFLM7956712262,ZA,Kruschwitz  Gp.,,1,Kruschwitz
272,PGLOZASC,NL46EFLM7956712262,ZA,Kruschwitz-Gr.,Nohlmansplatz GöttingenGöttingen Grmany,1,Kruschwitz
273,PGLOZASC,NL46EFLM7956712262,ZA,Kruschwitz Group,-  -,1,Kruschwitz
274,PGLOZASC,NL46EFLM7956712262,ZA,Kruschwitz Group,Göttingen,1,Kruschwitz
275,PGLOZASC,NL46EFLM7956712262,ZA,Kruschwitz Group,Göttingen,1,Kruschwitz
276,PGLOZASC,NL46EFLM7956712262,ZA,Kruschwitz  Grp,,1,Kruschwitz
277,PGLOZASC,NL46EFLM7956712262,ZA,Kruschwitz Gr.,Germany,1,Kruschwitz
278,PGLOZASC,NL46EFLM7956712262,ZA,Kruschwitz Gp.,Germany,1,Kruschwitz
279,PGLOZASC,NL46EFLM7956712262,ZA,Kruschwitz Group,,1,Kruschwitz
280,PGLOZASC,NL46EFLM7956712262,ZA,Kruschwitz Group,NohlmansplatzGöttingen Göttinge  DE,1,Kruschwitz
281,PGLOZASC,NL46EFLM7956712262,ZA,Kruschwitz Grp,,1,Kruschwitz
282,PGLOZASC,NL46EFLM7956712262,ZA,Kruschwitz  Group,Nohlmansplatz-Göttingen  Göttingen Grmany,1,Kruschwitz
283,PGLOZASC,NL46EFLM7956712262,ZA,Kruschwitz Grp.,"Nohlmansplatz  Göttingen/Göttingen,Germany",1,Kruschwitz
284,PGLOZASC,NL46EFLM7956712262,ZA,Kruschwitz  Gp.,Göttingen Germany,1,Kruschwitz
285,PGLOZASC,NL46EFLM7956712262,ZA,Kruschwitz Gr.,Göttingen,1,Kruschwitz
286,PGLOZASC,NL46EFLM7956712262,ZA,Kruschwitz  Gr.,,1,Kruschwitz
287,PGLOZASC,NL46EFLM7956712262,ZA,Kruschwitz Group,"Nohlmansplatz,0/5  14591 Göttingen",1,Kruschwitz
288,PGLOZASC,NL46EFLM7956712262,ZA,Kruschwitz Group,GöttingenNohlmansplatz/Göttinen,1,Kruschwitz
289,PGLOZASC,NL46EFLM7956712262,ZA,Kruschwitz.  Group,Göttingen DE,1,Kruschwitz
290,PGLOZASC,NL46EFLM7956712262,ZA,Kruschwitz Grp.,,1,Kruschwitz
291,PGLOZASC,NL46EFLM7956712262,ZA,"Kruschwitz,Group",Göttingen DE,1,Kruschwitz
292,PGLOZASC,NL46EFLM7956712262,ZA,Kruschwitz Group,Göttingen,1,Kruschwitz
293,PGLOZASC,NL46EFLM7956712262,ZA,Kruschwitz. Gr.,,1,Kruschwitz
294,PGLOZASC,NL46EFLM7956712262,ZA,Kruschwitz Group,,1,Kruschwitz
295,PGLOZASC,NL46EFLM7956712262,ZA,Kruschwitz Group,Göttingen Germany,1,Kruschwitz
296,JRDQPGKV,IT10C0370758372570612677836,PG,Avery-Armstrong,001 48896 Ian Manors New Cindyville,1,Avery-Armstrong
297,JRDQPGKV,IT10C0370758372570612677836,PG,Rodriguez-Jones,Brian Locks Apt. 384 4314 25742 South Kellyshire (KY-US,1,Rodriguez-Jones
298,JRDQPGKV,IT10C0370758372570612677836,PG,"Hampton, Manning and Byrd",,1,"Hampton, Manning and Byrd"
299,OPRGMCYQ,GB06JFLS53607096571974,MC,Ferrabosco-Interminei e figli,,1,Ferrabosco-Interminei e figli
300,OPRGMCYQ,GB06JFLS53607096571974,MC,"Trapanese, Vigorelli e Gentili e figli",,1,"Trapanese, Vigorelli e Gentili e figli"
301,JGARBFVB,GB79KWCW80204000128658,BF,Otto Zimmer Stiftung & Co. KG,Mallersdorf,1,Otto Zimmer Stiftung & Co. KG
302,JGARBFVB,GB79KWCW80204000128658,BF,Kambs KGaA,Rahenow Schäfergasse  Rathenow,1,Kambs KGaA
303,JKBBBNLU,GB54GIOR13055818892788,BN,Supermercados GYS S.Com.,Baleares ES,0,Supermercados GYS S.Com.
304,JKBBBNLU,GB54GIOR13055818892788,BN,Supermercados GYS S.Com.,,0,Supermercados GYS S.Com.
305,JKBBBNLU,GB54GIOR13055818892788,BN,Supermercados.GYS S.Com.,Via Inocencio Oliveras 16 Puerta  12751/Baleares/Spain,0,Supermercados GYS S.Com.
306,FVAZNGGD,ES1387430681224783312340,NG,Puccini SPA,89821 Vallelonga,0,Puccini SPA
307,FVAZNGGD,ES1387430681224783312340,NG,Puccini SA pLC,Piazza Francesca  Appartamento 9  Vallelonga(VV)-Italia,0,Puccini SPA
308,SEFPPGGZ,GB71NLPE77354266699869,PG,Lee-Jarvis,,1,Lee-Jarvis
309,SEFPPGGZ,GB71NLPE77354266699869,PG,"Jones, Jones and Stanley",,1,"Jones, Jones and Stanley"
310,BPXQTNV2,ES7687404300524629329943,TN,Manufacturas YFZ S.A.,,0,Manufacturas YFZ S.A.
311,BPXQTNV2,ES7687404300524629329943,TN,Manufacturas YFZ S.U.,,0,Manufacturas YFZ S.A.
312,BPXQTNV2,ES7687404300524629329943,TN,Manufacturas YFZ-,,0,Manufacturas YFZ S.A.
313,RGWOKGRP,GB16PFXT68571469107972,KG,Rousselet & Schwartsbach,,1,Rousselet & Schwartsbach
314,RGWOKGRP,GB16PFXT68571469107972,KG,Rousselet. & - Schwartsbach,6875 J Sint-Oedenrode,1,Rousselet & Schwartsbach
315,RGWOKGRP,GB16PFXT68571469107972,KG,Rousselet. & - Schwartsbach,,1,Rousselet & Schwartsbach
316,RGWOKGRP,GB16PFXT68571469107972,KG,Rousselet-&-Schwartsbach,6875 MJ Sint-Oedenrode,1,Rousselet & Schwartsbach
317,RGWOKGRP,GB16PFXT68571469107972,KG,"Rousselet/&,Schwartsbach",,1,Rousselet & Schwartsbach
318,RGWOKGRP,GB16PFXT68571469107972,KG,Rousselet .& -  Schwartsbach,Netherlands,1,Rousselet & Schwartsbach
319,RGWOKGRP,GB16PFXT68571469107972,KG,Rousselet/& .Schwartsbach,,1,Rousselet & Schwartsbach
320,RGWOKGRP,GB16PFXT68571469107972,KG,Rousselet- & - Schwartsbach,Sint-Oedenrode,1,Rousselet & Schwartsbach
321,RGWOKGRP,GB16PFXT68571469107972,KG,Rousselet/&- Schwartsbach,,1,Rousselet & Schwartsbach
322,RGWOKGRP,GB16PFXT68571469107972,KG,Rousselet/& .Schwartsbach,,1,Rousselet & Schwartsbach
323,RGWOKGRP,GB16PFXT68571469107972,KG,"Rousselet,&,Schwartsbach",,1,Rousselet & Schwartsbach
324,RGWOKGRP,GB16PFXT68571469107972,KG,Rousselet - &. Schwartsbach,,1,Rousselet & Schwartsbach
325,RGWOKGRP,GB16PFXT68571469107972,KG,Rousselet-&/Schwartsbach,Samdreef  Sint-Oedenrode Sint-Oedenrode NL,1,Rousselet & Schwartsbach
326,RGWOKGRP,GB16PFXT68571469107972,KG,Rousselet.&,Samdreef 9/6875 MJ Sint-Oedenrode,1,Rousselet & Schwartsbach
327,RGWOKGRP,GB16PFXT68571469107972,KG,Rousselet.&.Schwartsbach,,1,Rousselet & Schwartsbach
328,RGWOKGRP,GB16PFXT68571469107972,KG,"Rousselet,& - Schwartsbach",,1,Rousselet & Schwartsbach
329,RGWOKGRP,GB16PFXT68571469107972,KG,Maxeda DIY,,1,Maxeda DIY
330,RGWOKGRP,GB16PFXT68571469107972,KG,Royal Diesbergen,,1,Royal Diesbergen
331,RGWOKGRP,GB16PFXT68571469107972,KG,Royal/Diesbergen.,Formerum Kateweg  Formerum,1,Royal Diesbergen
332,RGWOKGRP,GB16PFXT68571469107972,KG,Royal Diesbergen- S.D.F.,,1,Royal Diesbergen
333,RGWOKGRP,GB16PFXT68571469107972,KG,Royal Diesbergen S.D.F,,1,Royal Diesbergen
334,RGWOKGRP,GB16PFXT68571469107972,KG,Royal Diesbergen,,1,Royal Diesbergen
335,RGWOKGRP,GB16PFXT68571469107972,KG,Royal Diesbergen S.D.F.,Kateweg Formerum  Formerum Netherlands,1,Royal Diesbergen
336,RGWOKGRP,GB16PFXT68571469107972,KG,Royal Diesbergen S.D.F,,1,Royal Diesbergen
337,RGWOKGRP,GB16PFXT68571469107972,KG,Royal Diesbergen,,1,Royal Diesbergen
338,RGWOKGRP,GB16PFXT68571469107972,KG,Royal Diesbergen,,1,Royal Diesbergen
339,RGWOKGRP,GB16PFXT68571469107972,KG,Royal Diesbergen S.D.F.,,1,Royal Diesbergen
340,RGWOKGRP,GB16PFXT68571469107972,KG,Trespa,Lucboulevard  Haarsteeg Haarsteeg  Netherlands,1,Trespa
341,RGWOKGRP,GB16PFXT68571469107972,KG,Trespa,,1,Trespa
342,RGWOKGRP,GB16PFXT68571469107972,KG,Trespa,,1,Trespa
343,RGWOKGRP,GB16PFXT68571469107972,KG,Trespa,Lucboulevard Haarsteeg  Haarsteeg  NL,1,Trespa
344,JUAVAOFG,DE36994066572579155897,AO,Kent-Reeves,,0,Kent-Reeves
345,JUAVAOFG,DE36994066572579155897,AO,Kent- Reeves,-,0,Kent-Reeves
346,XKOWMGWF,NL55PWYP7880343560,MG,Davidson-Dawson,,1,Davidson-Dawson
347,XKOWMGWF,NL55PWYP7880343560,MG,Watson and Sons,,1,Watson and Sons
348,SYIXTTFF,ES0331705936633574818004,TT,Marsh-Sanchez,,0,Marsh-Sanchez
349,SYIXTTFF,ES0331705936633574818004,TT,Marsh Sanchez  S.p.A.,,0,Marsh-Sanchez
350,SYIXTTFF,ES0331705936633574818004,TT,Marsh Sanchez S.p.A.,West Billychester United States,0,Marsh-Sanchez
351,SYIXTTFF,ES0331705936633574818004,TT,Marsh Sanchez S.P.A,,0,Marsh-Sanchez
352,SYIXTTFF,ES0331705936633574818004,TT,Marsh Sanchez,Casey Forge Apt. 224062 30168West Billychester ID  United States,0,Marsh-Sanchez
353,SYIXTTFF,ES0331705936633574818004,TT,Marsh-Sanchez,,0,Marsh-Sanchez
354,SYIXTTFF,ES0331705936633574818004,TT,Marsh Sanchez SpA,,0,Marsh-Sanchez
355,SYIXTTFF,ES0331705936633574818004,TT,Marsh Sanchez S.P.A.,,0,Marsh-Sanchez
356,SYIXTTFF,ES0331705936633574818004,TT,Marsh Sanchez,,0,Marsh-Sanchez
357,SYIXTTFF,ES0331705936633574818004,TT,Marsh Sanchez,,0,Marsh-Sanchez
358,SYIXTTFF,ES0331705936633574818004,TT,Marsh Sanchez,Casey Forge Apt. 224-06 30168  West Billychester ID  US,0,Marsh-Sanchez
359,MSJDBROS,NL08PPRY2265684180,BR,Visconti-Omma Group,Rotonda Baldassare Appartamento 97-Episcopia PZ IT,1,Visconti-Omma Group
360,MSJDBROS,NL08PPRY2265684180,BR,"Ginese, Viviani e Chiaramonte s.r.l.",,1,"Ginese, Viviani e Chiaramonte s.r.l."
361,TAUVNAZM,GB03FVOX36037969133902,NA,Heuser GmbH,Lüdinghausen,1,Heuser GmbH
362,TAUVNAZM,GB03FVOX36037969133902,NA,Wulff Etzold GmbH,Karlsruhe DE,1,Wulff Etzold GmbH
363,RELKSKND,NL41TWZA4501046609,SK,Rodrigues,"Sítio Bruno Ribeiro,CE Camponesa 2ª Seção/Brazil",0,Rodrigues
364,RELKSKND,NL41TWZA4501046609,SK,Rodrigues,,0,Rodrigues
365,TVUHVUW2,GB29VTRS73195668588261,VU,Vilanova y Vila S.A.,,1,Vilanova y Vila S.A.
366,TVUHVUW2,GB29VTRS73195668588261,VU,Familia Cobos S.L.U.,Paseo Lupe Costa 20288-Baleares  ES,1,Familia Cobos S.L.U.
367,KVTOSINQ,ES2114605284802533255783,SI,Gomes,"Estrada de Caldeira  32Jaqueline  91961-244 Duarte,SE",0,Gomes
368,KVTOSINQ,ES2114605284802533255783,SI,Gomes,91961-244 Duarte Jaqueline,0,Gomes
369,VKKPAWFU,FR2183072312241555617257463,AW,Pasquier Huet SARL,,0,Pasquier Huet SARL
370,VKKPAWFU,FR2183072312241555617257463,AW,Pasquier Huet S.r.L,,0,Pasquier Huet SARL
371,SRUSTRNQ,NL54FAFG9938677152,TR,Ackermann AG,,0,Ackermann AG
372,SRUSTRNQ,NL54FAFG9938677152,TR,Ackermann. AG,,0,Ackermann AG
373,JJHDBQHD,DE89350499988509436460,BQ,Rey et Fils,,1,Rey et Fils
374,JJHDBQHD,DE89350499988509436460,BQ,Leleu,,1,Leleu
375,JJHDBQHD,DE89350499988509436460,BQ,Leleu,,1,Leleu
376,JJHDBQHD,DE89350499988509436460,BQ,Leleu,France,1,Leleu
377,JJHDBQHD,DE89350499988509436460,BQ,Leleu,-,1,Leleu
378,JJHDBQHD,DE89350499988509436460,BQ,Leleu,,1,Leleu
379,JJHDBQHD,DE89350499988509436460,BQ,Joseph S.A.S.,,1,Joseph S.A.S.
380,BUIZGESU,DE86910231308955377398,GE,Burns Inc,,0,Burns Inc
381,BUIZGESU,DE86910231308955377398,GE,Burns - Inds. Corporation,24539/North Michaelfort,0,Burns Inc
382,BUIZGESU,DE86910231308955377398,GE,Burns,,0,Burns Inc
383,BUIZGESU,DE86910231308955377398,GE,Burns Inc,,0,Burns Inc
384,BUIZGESU,DE86910231308955377398,GE,Burns,,0,Burns Inc
385,BUIZGESU,DE86910231308955377398,GE,Burns Inc. Corporation,,0,Burns Inc
386,BUIZGESU,DE86910231308955377398,GE,Burns Inc. Corporation,"Tanner Turnpike,415 24539 North Michaelfort  MO US",0,Burns Inc
387,BUIZGESU,DE86910231308955377398,GE,Burns Inc Cpn.,,0,Burns Inc
388,BUIZGESU,DE86910231308955377398,GE,Burns Inds Corporation,"Tanner Turnpike/415 24539,North Michaelfort/Unite States",0,Burns Inc
389,BUIZGESU,DE86910231308955377398,GE,Burns Inc Corp,,0,Burns Inc
390,BUIZGESU,DE86910231308955377398,GE,Burns Inc,,0,Burns Inc
391,BUIZGESU,DE86910231308955377398,GE,Burns Inc Cpn,United States,0,Burns Inc
392,BUIZGESU,DE86910231308955377398,GE,Burns Inc. Corporation,,0,Burns Inc
393,BUIZGESU,DE86910231308955377398,GE,Burns Inc Corp,*** *,0,Burns Inc
394,BUIZGESU,DE86910231308955377398,GE,Burns Inc,,0,Burns Inc
395,BUIZGESU,DE86910231308955377398,GE,Burns Inc Cpn.,anner Turnpike 415 24539 North Michaelfort-(MO) US,0,Burns Inc
396,BUIZGESU,DE86910231308955377398,GE,Burns  Inc Corp,415Tanner TurnpikeNorth Michaelfort MO  24539,0,Burns Inc
397,BUIZGESU,DE86910231308955377398,GE,Burns,North Michaelfort United States,0,Burns Inc
398,BUIZGESU,DE86910231308955377398,GE,Burns,X  X,0,Burns Inc
399,BUIZGESU,DE86910231308955377398,GE,Burns.Ind. Corporation,,0,Burns Inc
400,BUIZGESU,DE86910231308955377398,GE,Burns.,,0,Burns Inc
401,BUIZGESU,DE86910231308955377398,GE,Burns Inc Cpn,,0,Burns Inc
402,BUIZGESU,DE86910231308955377398,GE,Burns Ind. Corporation,,0,Burns Inc
403,BUIZGESU,DE86910231308955377398,GE,Burns S.N.C. Corporation,,0,Burns Inc
404,BUIZGESU,DE86910231308955377398,GE,Burns Inc Cpn,,0,Burns Inc
405,BUIZGESU,DE86910231308955377398,GE,Burns Industries Corporation,,0,Burns Inc
406,BUIZGESU,DE86910231308955377398,GE,Burns Inc Corp.,-,0,Burns Inc
407,BUIZGESU,DE86910231308955377398,GE,Burns Inds. Corporation,,0,Burns Inc
408,BUIZGESU,DE86910231308955377398,GE,Burns Inc Cpn,,0,Burns Inc
409,BUIZGESU,DE86910231308955377398,GE,Burns Inds Corporation,,0,Burns Inc
410,BUIZGESU,DE86910231308955377398,GE,Burns-Inc,,0,Burns Inc
411,BUIZGESU,DE86910231308955377398,GE,Burns Inc,,0,Burns Inc
412,BUIZGESU,DE86910231308955377398,GE,Burns Inc-Corp.,"Tanner Turnpike,415 24539Noth Michaelfort MOUS",0,Burns Inc
413,BUIZGESU,DE86910231308955377398,GE,Burns Ind. Corporation,,0,Burns Inc
414,BUIZGESU,DE86910231308955377398,GE,Burns Inds. Corporation,,0,Burns Inc
415,BUIZGESU,DE86910231308955377398,GE,Burns Inc.,,0,Burns Inc
416,BUIZGESU,DE86910231308955377398,GE,Burns Inc Cpn,,0,Burns Inc
417,BUIZGESU,DE86910231308955377398,GE,Burns. S.N.C.  Corporation,,0,Burns Inc
418,BUIZGESU,DE86910231308955377398,GE,Burns Inds. Corporation,Tanner Turnpike 415 24539North Micaelfort-MO United States,0,Burns Inc
419,BUIZGESU,DE86910231308955377398,GE,Burns Inc Cpn,,0,Burns Inc
420,BUIZGESU,DE86910231308955377398,GE,Burns Inds. Corporation,,0,Burns Inc
421,BUIZGESU,DE86910231308955377398,GE,Burns,,0,Burns Inc
422,BUIZGESU,DE86910231308955377398,GE,Burns - Inc,,0,Burns Inc
423,BUIZGESU,DE86910231308955377398,GE,Burns Inc Cpn,,0,Burns Inc
424,BUIZGESU,DE86910231308955377398,GE,Burns,,0,Burns Inc
425,BUIZGESU,DE86910231308955377398,GE,Burns Inds. Corporation,,0,Burns Inc
426,BUIZGESU,DE86910231308955377398,GE,"Burns,","Tanner Turnpike 415 24539,North Michaelfort MO US",0,Burns Inc
427,BUIZGESU,DE86910231308955377398,GE,Burns  Inc,"24539,North Michaelfort",0,Burns Inc
428,BUIZGESU,DE86910231308955377398,GE,Burns Inc Cpn,Tanner Turnpike415 24539-North Michaelfort(MO) US,0,Burns Inc
429,BUIZGESU,DE86910231308955377398,GE,Burns Inc Corp,,0,Burns Inc
430,KLLDBSUV,ES1167155010351164709357,BS,Hnos Terrón S.A.,42238Alameda de Angélica Urutia 462 Puerta Cáceres,0,Hnos Terrón S.A.
431,KLLDBSUV,ES1167155010351164709357,BS,Hnos Terrón,Cáceres ES,0,Hnos Terrón S.A.
432,WKDKGFH1,GB41UAZP48549507653164,GF,"Manacorda, Lamborghini e Trupiano SPA",Italia,1,"Manacorda, Lamborghini e Trupiano SPA"
433,WKDKGFH1,GB41UAZP48549507653164,GF,"Manacorda, Lamborghini e",,1,"Manacorda, Lamborghini e Trupiano SPA"
434,WKDKGFH1,GB41UAZP48549507653164,GF,"Manacorda, Lamborghini e Trupiano Società per Azioni",Strada StoppaniPiao 3 Loreto Stazione Italia,1,"Manacorda, Lamborghini e Trupiano SPA"
435,WKDKGFH1,GB41UAZP48549507653164,GF,"Porcellato, Acerbi e Sbarbaro e figli",,1,"Porcellato, Acerbi e Sbarbaro e figli"
436,WKDKGFH1,GB41UAZP48549507653164,GF,"Porcellato, Acerbi e Sbarbaro e figli",,1,"Porcellato, Acerbi e Sbarbaro e figli"
437,WKDKGFH1,GB41UAZP48549507653164,GF,"Porcellato, Acerbi e e figli",,1,"Porcellato, Acerbi e Sbarbaro e figli"
438,WKDKGFH1,GB41UAZP48549507653164,GF,"Porcellato, Acerbi e Sbarbaro - e",Contrada Comolli  Appartamento 45  Francavilla Marittima  (CS)  IT,1,"Porcellato, Acerbi e Sbarbaro e figli"
439,WKDKGFH1,GB41UAZP48549507653164,GF,"Porcellato, Acerbi e Sbarbaro e figli",,1,"Porcellato, Acerbi e Sbarbaro e figli"
440,WKDKGFH1,GB41UAZP48549507653164,GF,"Porcellato, Acerbi e Sbarbaro e figli",Contrada Comolli Appartamento 45-Francavilla Marittima Italia,1,"Porcellato, Acerbi e Sbarbaro e figli"
441,WKDKGFH1,GB41UAZP48549507653164,GF,"Porcellato, Acerbi e e figli",,1,"Porcellato, Acerbi e Sbarbaro e figli"
442,WKDKGFH1,GB41UAZP48549507653164,GF,"Porcellato, Acerbi e Sbarbaro e figli",,1,"Porcellato, Acerbi e Sbarbaro e figli"
443,RCCWGHJD,GB48CLYJ12797371407420,GH,Porto,Brazil,0,Porto
444,RCCWGHJD,GB48CLYJ12797371407420,GH,Porto/Pvt Limited,,0,Porto
445,ARTBISLM,GB35ZALD49967665363798,IS,Construcción del Norte S.L.,"Pasadizo Aitor Quevedo 7 Apt. 40783,Álva Spain",1,Construcción del Norte S.L.
446,ARTBISLM,GB35ZALD49967665363798,IS,Inmobiliaria Ibéricos S.A.T.,,1,Inmobiliaria Ibéricos S.A.T.
447,YKDJKEJZ,GB44CYNW46640627703269,KE,VDL Group,,0,VDL Group
448,YKDJKEJZ,GB44CYNW46640627703269,KE,VDL Group.Gr.,,0,VDL Group
449,YKDJKEJZ,GB44CYNW46640627703269,KE,VDL Group Grp.,,0,VDL Group
450,YKDJKEJZ,GB44CYNW46640627703269,KE,VDL,Zarasingel Haler/Haler Netherlands,0,VDL Group
451,XONKKIGL,GB38XWNB87946304359417,KI,Pinto Gonçalves Ltda.,,1,Pinto Gonçalves Ltda.
452,XONKKIGL,GB38XWNB87946304359417,KI,Pinto Gonçalves Ltd  ,,1,Pinto Gonçalves Ltda.
453,XONKKIGL,GB38XWNB87946304359417,KI,Azevedo Aragão S.A.,,1,Azevedo Aragão S.A.
454,XONKKIGL,GB38XWNB87946304359417,KI,Azevedo Aragão,,1,Azevedo Aragão S.A.
455,PIVBCLYA,NL80GOTP4689771648,CL,"Antonetti, Manunta e Boccaccio SPA",,0,"Antonetti, Manunta e Boccaccio SPA"
456,PIVBCLYA,NL80GOTP4689771648,CL,"Antonetti, Manunta e Boccaccio SpA","Appartamento 8,Vicolo Giorgia  Cuglieri",0,"Antonetti, Manunta e Boccaccio SPA"
457,QRHLDZDT,ES2105433699845155966917,DZ,Fox and Sons,,0,Fox and Sons
458,QRHLDZDT,ES2105433699845155966917,DZ,Fox,Lynne run  00East Sarahtown  UnitedKingdom,0,Fox and Sons
459,JPOKSLKE,GB23BIHE56312296217585,SL,Distribuciones Villalonga S.Com.,,0,Distribuciones Villalonga S.Com.
460,JPOKSLKE,GB23BIHE56312296217585,SL,Distribuciones Villalonga S.Com.,,0,Distribuciones Villalonga S.Com.
461,JPOKSLKE,GB23BIHE56312296217585,SL,Distribuciones Villalonga S.Com.,,0,Distribuciones Villalonga S.Com.
462,NLVCEHBI,NL37JEKZ3218213856,EH,Ruiz S.A.,,1,Ruiz S.A.
463,NLVCEHBI,NL37JEKZ3218213856,EH,Perrot,,1,Perrot
464,MTYDNGMW,IT06C1395182402352592014939,NG,Holsten Röhrdanz GmbH & Co. KG,Germany,0,Holsten Röhrdanz GmbH & Co. KG
465,MTYDNGMW,IT06C1395182402352592014939,NG,Holsten/Röhrdanz & Comp. KG,"Rolf-Dieter-Austermühle-Gasse  98,23235Grimmen",0,Holsten Röhrdanz GmbH & Co. KG
466,ZPJCSRZV,GB97PACE68103427192547,SR,Bilbao y Francisco S.Com.,,0,Bilbao y Francisco S.Com.
467,ZPJCSRZV,GB97PACE68103427192547,SR,Bilbao y Francisco S.Com.,,0,Bilbao y Francisco S.Com.
468,ZPJCSRZV,GB97PACE68103427192547,SR,Bilbao y Francisco S.Com.,&& &,0,Bilbao y Francisco S.Com.
469,BENCUGQK,FR1612815838253261226854519,UG,Nogueira Moreira S.A.,"Lagoa Lara Novaes,PE Minaslandia  (PE)  Brazil",1,Nogueira Moreira S.A.
470,BENCUGQK,FR1612815838253261226854519,UG,"Nogueira Moreira,S.C.",,1,Nogueira Moreira S.A.
471,BENCUGQK,FR1612815838253261226854519,UG,Ferreira,,1,Ferreira
472,BENCUGQK,FR1612815838253261226854519,UG,Cardoso,,1,Cardoso
473,BENCUGQK,FR1612815838253261226854519,UG,Costa Araújo S/A,,1,Costa Araújo S/A
474,JCQXCCEF,GB65XBGL89633294084493,CC,Dawson LLC,,1,Dawson LLC
475,JCQXCCEF,GB65XBGL89633294084493,CC,Fuller-Kirby,,1,Fuller-Kirby
476,MSVSJOQK,ES0640108289388358829901,JO,Fechner,,0,Fechner
477,MSVSJOQK,ES0640108289388358829901,JO,Fechner Inc.,,0,Fechner
478,VUJGGDLV,NL74XLZS9841791651,GD,Adolph GmbH,,0,Adolph GmbH
479,VUJGGDLV,NL74XLZS9841791651,GD,Adolph GmbH,,0,Adolph GmbH
480,KGFFKRBZ,IT57B0708515510781124088938,KR,Pires,Lago de das Neves AL  Minasandia (AL) BR,0,Pires
481,KGFFKRBZ,IT57B0708515510781124088938,KR,Pires Holdings,Minaslandia Brazil,0,Pires
482,KGFFKRBZ,IT57B0708515510781124088938,KR,Pires Hldgs.,,0,Pires
483,KGFFKRBZ,IT57B0708515510781124088938,KR,Pires Hdgs.,,0,Pires
484,KGFFKRBZ,IT57B0708515510781124088938,KR,Pires Holdings,Minaslandia Brazil,0,Pires
485,KGFFKRBZ,IT57B0708515510781124088938,KR,Pires  Hldgs.,,0,Pires
486,KGFFKRBZ,IT57B0708515510781124088938,KR,Pires Holdings,,0,Pires
487,KGFFKRBZ,IT57B0708515510781124088938,KR,Pires Hldgs.,Minaslandia Brazil,0,Pires
488,KGFFKRBZ,IT57B0708515510781124088938,KR,Pires/Hdgs.,,0,Pires
489,KGFFKRBZ,IT57B0708515510781124088938,KR,Pires-  Hdgs.,Brazil,0,Pires
490,JCXXNLGT,GB20OFOT27588643978984,NL,Becker AG & Co. KGaA,,0,Becker AG & Co. KGaA
491,JCXXNLGT,GB20OFOT27588643978984,NL,Becker AG &,Pauline-Ortmann-Straße Grafenau Grafenau/Germany,0,Becker AG & Co. KGaA
492,UIUWTCOQ,FR3638756413292126120047347,TC,Abraham Pedrosa Juliá S.Coop.,,1,Abraham Pedrosa Juliá S.Coop.
493,UIUWTCOQ,FR3638756413292126120047347,TC,Abraham Pedrosa  Juliá S.Coop.,Ceuta Spain,1,Abraham Pedrosa Juliá S.Coop.
494,UIUWTCOQ,FR3638756413292126120047347,TC,Hnos Barros S.Com.,Murcia,1,Hnos Barros S.Com.
495,CXQFAIK0,DE44186633252841812134,AI,Silva,11549747 da Mota de Lopes  Barão Homem De Melo 1ª eção,1,Silva
496,CXQFAIK0,DE44186633252841812134,AI,Silva,,1,Silva
497,CXQFAIK0,DE44186633252841812134,AI,"Silv,",,1,Silva
498,CXQFAIK0,DE44186633252841812134,AI,Ramos Nascimento e Filhos,,1,Ramos Nascimento e Filhos
499,UFVQCLAB,NL42PKRQ8331974500,CL,Morellato SPA,,1,Morellato SPA
500,UFVQCLAB,NL42PKRQ8331974500,CL,Morellato SPA,Laste Di Rocca Pietore,1,Morellato SPA
501,UFVQCLAB,NL42PKRQ8331974500,CL,"Semitecolo, Treccani e Guicciardini s.r.l.",Viale Travaglia  Santa Croce SullArno,1,"Semitecolo, Treccani e Guicciardini s.r.l."
502,AVXQAZPF,IT40Z6099572697264924781061,AZ,Olympia uitzendbureau,,0,Olympia uitzendbureau
503,AVXQAZPF,IT40Z6099572697264924781061,AZ,Olympia uitzendbureau,,0,Olympia uitzendbureau
504,AVXQAZPF,IT40Z6099572697264924781061,AZ,Olympia uitzendbureau  Ltd,,0,Olympia uitzendbureau
505,AVXQAZPF,IT40Z6099572697264924781061,AZ,Olympia uitzendbureau LTD,Nieuwe Wetering NL,0,Olympia uitzendbureau
506,DSUYUYUB,GB97OVVM17335307728699,UY,Industrias Amor S.Coop.,,1,Industrias Amor S.Coop.
507,DSUYUYUB,GB97OVVM17335307728699,UY,Grupo Benito S.A.,,1,Grupo Benito S.A.
508,DSUYUYUB,GB97OVVM17335307728699,UY,Grupo  Benito,Spain,1,Grupo Benito S.A.
509,DSUYUYUB,GB97OVVM17335307728699,UY,Grupo Benito SAS,Pontevedra,1,Grupo Benito S.A.
510,DSUYUYUB,GB97OVVM17335307728699,UY,Grupo Benito,,1,Grupo Benito S.A.
511,DSUYUYUB,GB97OVVM17335307728699,UY,Grupo Benito,,1,Grupo Benito S.A.
512,DSUYUYUB,GB97OVVM17335307728699,UY,Grupo Benito  -,Pontevedra ES,1,Grupo Benito S.A.
513,DSUYUYUB,GB97OVVM17335307728699,UY,Grupo Benito S.a.s.,Pontevedra Spain,1,Grupo Benito S.A.
514,DSUYUYUB,GB97OVVM17335307728699,UY,Desarrollo HCW S.A.,,1,Desarrollo HCW S.A.
515,DSUYUYUB,GB97OVVM17335307728699,UY,Desarrollo HCW Società per Azioni,Cáceres,1,Desarrollo HCW S.A.
516,DSUYUYUB,GB97OVVM17335307728699,UY,Distribuciones Rico S.Com.,,1,Distribuciones Rico S.Com.
517,DSUYUYUB,GB97OVVM17335307728699,UY,Distribuciones Rico S.Com.,Zamora Spain,1,Distribuciones Rico S.Com.
518,BXRPMTST,NL66ZWIX3541863338,MT,Pons S.A.R.L.,,0,Pons S.A.R.L.
519,BXRPMTST,NL66ZWIX3541863338,MT,Pons S.c.a.r.l S.P.A.,chemin Renault 57999 Breton-la-Forêt,0,Pons S.A.R.L.
520,BXRPMTST,NL66ZWIX3541863338,MT,Pons S.c.a.r.l S.P.A.,,0,Pons S.A.R.L.
521,KUOSJMCC,ES1618767005217726842851,JM,Banco Múñiz & Asociados S.L.,,1,Banco Múñiz & Asociados S.L.
522,KUOSJMCC,ES1618767005217726842851,JM,Hotel Bas S.Coop.,,1,Hotel Bas S.Coop.
523,FQJLMZJH,IT74J6777947204685635155097,MZ,Winters NV,Annestraat/9-4117QFWjelsryp,1,Winters NV
524,FQJLMZJH,IT74J6777947204685635155097,MZ,Peak-IT,5512 FM  Adorp,1,Peak-IT
525,UJLGFMUE,GB20GQZV13867113808240,FM,"Butler, Smith and Birch",,1,"Butler, Smith and Birch"
526,UJLGFMUE,GB20GQZV13867113808240,FM,Williams LLC,Hunt via 69 Lewisfurt GB,1,Williams LLC
527,MELSPSOI,DE83427613827256220294,PS,Restauración Abellán S.Coop.,31660  Santa Cruz de Tenerife,1,Restauración Abellán S.Coop.
528,MELSPSOI,DE83427613827256220294,PS,Restauración Abellán S.Coop.,Rambla Febe Espada 33 Piso  31660 Santa Cruz de Tenerife Spain,1,Restauración Abellán S.Coop.
529,MELSPSOI,DE83427613827256220294,PS,Restauración Abellán S.Coop.,Rambla Febe Espada 33 Piso  31660Santa Cruz de Tenerife  Spain,1,Restauración Abellán S.Coop.
530,MELSPSOI,DE83427613827256220294,PS,Restauración Abellán S.Coop.,Rambla Febe Espada 33 Piso 31660  Santa Cruz de Tenerife Span,1,Restauración Abellán S.Coop.
531,MELSPSOI,DE83427613827256220294,PS,Restauración- Abellán,,1,Restauración Abellán S.Coop.
532,MELSPSOI,DE83427613827256220294,PS,Restauración Abellán S.Coop.,,1,Restauración Abellán S.Coop.
533,MELSPSOI,DE83427613827256220294,PS,Restauración Abellán,,1,Restauración Abellán S.Coop.
534,MELSPSOI,DE83427613827256220294,PS,Inmobiliaria Cal & Asociados S.A.,Ronda Tito Ariño 56 Apt.-32383/Teruel Spain,1,Inmobiliaria Cal & Asociados S.A.
535,MELSPSOI,DE83427613827256220294,PS,Compañía TQRG S.L.,- -- -,1,Compañía TQRG S.L.
536,MELSPSOI,DE83427613827256220294,PS,Compañía TQRG,Girona ES,1,Compañía TQRG S.L.
537,XNZTKYL0,NL46QWJU9859666704,KY,Bohlander Bähr Stiftung & Co. KGaA,,0,Bohlander Bähr Stiftung & Co. KGaA
538,XNZTKYL0,NL46QWJU9859666704,KY,Bohlander Bähr Stiftung/&,,0,Bohlander Bähr Stiftung & Co. KGaA
539,XNZTKYL0,NL46QWJU9859666704,KY,Bohlander Bähr/Stiftung & KGaA,"Euskirchen-Försterweg,Euskirchen",0,Bohlander Bähr Stiftung & Co. KGaA
540,XNZTKYL0,NL46QWJU9859666704,KY,Bohlander Bähr Stiftung & Co KGaA,Euskirchen,0,Bohlander Bähr Stiftung & Co. KGaA
541,XNZTKYL0,NL46QWJU9859666704,KY,Bohlander Bähr &,,0,Bohlander Bähr Stiftung & Co. KGaA
542,XNZTKYL0,NL46QWJU9859666704,KY,Bohlander Bähr Stiftung &.,,0,Bohlander Bähr Stiftung & Co. KGaA
543,XNZTKYL0,NL46QWJU9859666704,KY,Bohlander Bähr & Co. KGaA,,0,Bohlander Bähr Stiftung & Co. KGaA
544,XNZTKYL0,NL46QWJU9859666704,KY,Bohlander Bähr Stiftung. & Co KGaA,,0,Bohlander Bähr Stiftung & Co. KGaA
545,XNZTKYL0,NL46QWJU9859666704,KY,Bohlander .Bähr/Stiftung & Company KGaA,Euskirchen DE,0,Bohlander Bähr Stiftung & Co. KGaA
546,XNZTKYL0,NL46QWJU9859666704,KY,Bohlander Bähr Stiftung & KGaA,,0,Bohlander Bähr Stiftung & Co. KGaA
547,KNZXWFXE,DE02881589105950545892,WF,Seip Rohleder e.G.,,1,Seip Rohleder e.G.
548,KNZXWFXE,DE02881589105950545892,WF,Seip Rohleder e.G.,,1,Seip Rohleder e.G.
549,KNZXWFXE,DE02881589105950545892,WF,Seip  Rohleder,,1,Seip Rohleder e.G.
550,KNZXWFXE,DE02881589105950545892,WF,Seip Rohleder e.G.,_,1,Seip Rohleder e.G.
551,KNZXWFXE,DE02881589105950545892,WF,Karz Henschel AG,Wohlgemutrig Herford-Herford/DE,1,Karz Henschel AG
552,KNZXWFXE,DE02881589105950545892,WF,Mälzer KG,,1,Mälzer KG
553,KNZXWFXE,DE02881589105950545892,WF,Mälzer KG S.N.C.,,1,Mälzer KG
554,KNZXWFXE,DE02881589105950545892,WF,Mälzer KG S.N.C,,1,Mälzer KG
555,KNZXWFXE,DE02881589105950545892,WF,Mälzer KG,,1,Mälzer KG
556,KNZXWFXE,DE02881589105950545892,WF,Mälzer KG,Thanelplatz 3  68400 Soest,1,Mälzer KG
557,KNZXWFXE,DE02881589105950545892,WF,"Mälzer,KG SNC",Soest Thanelplatz Soest,1,Mälzer KG
558,KNZXWFXE,DE02881589105950545892,WF,Mälzer. KG,Thanelplatz SoestSoest DE,1,Mälzer KG
559,KNZXWFXE,DE02881589105950545892,WF,Gunpf,X,1,Gunpf
560,KQYMHUUT,NL49OJHI2666527615,HU,Parker-Watson,Hill loaf  31 Lake Seanland  United Kingdom,0,Parker-Watson
561,KQYMHUUT,NL49OJHI2666527615,HU,Parker Watson- SRL,Hill loaf  31Lake Seanland United Kingdom,0,Parker-Watson
562,ISNJSTRF,GB20QCZT47339830316487,ST,Maillet Benard et Fils,,1,Maillet Benard et Fils
563,ISNJSTRF,GB20QCZT47339830316487,ST,Marchal Weber S.A.,,1,Marchal Weber S.A.
564,ISNJSTRF,GB20QCZT47339830316487,ST,Marchal Weber,"451,rue de Morvan 48965/Charrer",1,Marchal Weber S.A.
565,IFZLSXXH,ES9460206164834425539125,SX,Hermanos Bautista S.A.T.,05025  Guipúzca,1,Hermanos Bautista S.A.T.
566,IFZLSXXH,ES9460206164834425539125,SX,Hermanos Bautista S.a.s,,1,Hermanos Bautista S.A.T.
567,IFZLSXXH,ES9460206164834425539125,SX,Grupo Cifuentes S.Com.,Alicante,1,Grupo Cifuentes S.Com.
568,IFZLSXXH,ES9460206164834425539125,SX,Prudencia Pinedo Puerta S.Com.,Camino Aeneth Benavent 21851  Madrid Spain,1,Prudencia Pinedo Puerta S.Com.
569,ZVUBBOAO,IT46C7043023300092843924314,BO,Esteban & Asociados S.L.L.,"Pasaje de Perlita Guzman 26820Lugo,ES",1,Esteban & Asociados S.L.L.
570,ZVUBBOAO,IT46C7043023300092843924314,BO,Esteban  & Asociados-S.R.L.,Lugo Spain,1,Esteban & Asociados S.L.L.
571,ZVUBBOAO,IT46C7043023300092843924314,BO,Talleres Rocamora & Asociados S.L.N.E,,1,Talleres Rocamora & Asociados S.L.N.E
572,VCBXFREW,DE81411324555468852743,FR,"Ali, King and Bennett",,1,"Ali, King and Bennett"
573,VCBXFREW,DE81411324555468852743,FR,Smith Group,,1,Smith Group
574,RFUKGAZH,DE52862993283653896699,GA,Roche S.A.R.L.,,0,Roche S.A.R.L.
575,RFUKGAZH,DE52862993283653896699,GA,Roche S.A.R.L. S.r.L,"6 Sant Susanne  rue Agnès Maréchal,Saint Susanne",0,Roche S.A.R.L.
576,RFUKGAZH,DE52862993283653896699,GA,Roche S.c.a.r.l. S.r.L,,0,Roche S.A.R.L.
577,RFUKGAZH,DE52862993283653896699,GA,Roche S.c.a.r.l. S.r.L,,0,Roche S.A.R.L.
578,RFUKGAZH,DE52862993283653896699,GA,Roche,Saint Susanne,0,Roche S.A.R.L.
579,RFUKGAZH,DE52862993283653896699,GA,Roche S.A.R.L.,,0,Roche S.A.R.L.
580,RFUKGAZH,DE52862993283653896699,GA,Roche,,0,Roche S.A.R.L.
581,RFUKGAZH,DE52862993283653896699,GA,Roche S.A.R.L. S.R.L.,,0,Roche S.A.R.L.
582,RFUKGAZH,DE52862993283653896699,GA,Roche-S.A.R.L. S.R.L.,,0,Roche S.A.R.L.
583,RFUKGAZH,DE52862993283653896699,GA,Roche S.A.R.L. S.r.L,France,0,Roche S.A.R.L.
584,RFUKGAZH,DE52862993283653896699,GA,Roche S.C.A.R.L. S.r.L,rue Agnès Maréchal6 Saint Susanne Sait Susanne  Franc,0,Roche S.A.R.L.
585,DEBQAEQJ,GB13OBVF62877070333672,AE,Peixoto Fogaça - EI,,1,Peixoto Fogaça - EI
586,DEBQAEQJ,GB13OBVF62877070333672,AE,Freitas Ltda.,"Vila da Costa RS Serra Do Curral,Brazil",1,Freitas Ltda.
587,DEBQAEQJ,GB13OBVF62877070333672,AE,Freitas  Ltd,Vila da Costa  RS Serra Do CurralBrazil,1,Freitas Ltda.
588,DEBQAEQJ,GB13OBVF62877070333672,AE,Freitas  Ltd,,1,Freitas Ltda.
589,DEBQAEQJ,GB13OBVF62877070333672,AE,Freitas Limited,"Vila da CostaRS Serra Do Curral,RSBR",1,Freitas Ltda.
590,DEBQAEQJ,GB13OBVF62877070333672,AE,Freitas LTD,,1,Freitas Ltda.
591,DEBQAEQJ,GB13OBVF62877070333672,AE,Nogueira,,1,Nogueira
592,DEBQAEQJ,GB13OBVF62877070333672,AE,Nogueira,,1,Nogueira
593,DEBQAEQJ,GB13OBVF62877070333672,AE,Nogueira,,1,Nogueira
594,DEBQAEQJ,GB13OBVF62877070333672,AE,N.  guei-a,PB Alameda de Novaes  Maravila,1,Nogueira
595,DEBQAEQJ,GB13OBVF62877070333672,AE,da Rocha,,1,da Rocha
596,DEBQAEQJ,GB13OBVF62877070333672,AE,Rocha,,1,da Rocha
597,OVYWMSMI,GB57FQAR47027897828875,MS,Gibson Inc,,0,Gibson Inc
598,OVYWMSMI,GB57FQAR47027897828875,MS,Gibson Inds Inds,"Shaun cliffs/29-Elizabethhaven,United Kingdom",0,Gibson Inc
599,OVYWMSMI,GB57FQAR47027897828875,MS,Gibson,,0,Gibson Inc
600,EUKTSSNT,DE77024311678331188099,SS,Pascal Clerc S.A.R.L.,--,0,Pascal Clerc S.A.R.L.
601,EUKTSSNT,DE77024311678331188099,SS,Pascal Clerc S.c.a.r.l.,,0,Pascal Clerc S.A.R.L.
602,EUKTSSNT,DE77024311678331188099,SS,Pascal Clerc S.c.a.r.l,,0,Pascal Clerc S.A.R.L.
603,EUKTSSNT,DE77024311678331188099,SS,Pascal Clerc,rue Dos Santos 37 Sainte MarianneSainte Marianne FR,0,Pascal Clerc S.A.R.L.
604,EUKTSSNT,DE77024311678331188099,SS,Pascal Clerc.,,0,Pascal Clerc S.A.R.L.
605,VBLJLAET,IT92X3136287781149433059710,LA,White-Gomez,Ingramfort US,0,White-Gomez
606,VBLJLAET,IT92X3136287781149433059710,LA,White Gomez,,0,White-Gomez
607,TJMQAEQT,GB31TAGN00092320693014,AE,Sorgatz GbR,,0,Sorgatz GbR
608,TJMQAEQT,GB31TAGN00092320693014,AE,Sorgatz  GbR,38100Meißen,0,Sorgatz GbR
609,RYUPMMOP,NL43BGJK1035113814,MM,Duarte,,1,Duarte
610,RYUPMMOP,NL43BGJK1035113814,MM,da Conceição,,1,da Conceição
611,NYJADKEX,NL44EQXI5838903715,DK,Adinolfi s.r.l.,,0,Adinolfi s.r.l.
612,NYJADKEX,NL44EQXI5838903715,DK,Adinolfi s.r.l.,Lizzanello IT,0,Adinolfi s.r.l.
613,PRKBNEPY,DE84234984708669071677,NE,"Michael, Stewart and Grant",&,1,"Michael, Stewart and Grant"
614,PRKBNEPY,DE84234984708669071677,NE,"Lane, Wright and Bradford",United States,1,"Lane, Wright and Bradford"
615,FZHJAIVY,ES3558513272011668893614,AI,Olivier,,0,Olivier
616,FZHJAIVY,ES3558513272011668893614,AI,Olivier,,0,Olivier
617,KHTJHKEY,IT57J5450540048555243192890,HK,Wilson-Waters,,0,Wilson-Waters
618,KHTJHKEY,IT57J5450540048555243192890,HK,Wilson Waters Glob,///,0,Wilson-Waters
619,ANYNHROE,NL35YLKR6242058294,HR,Luna Bosch Cepeda S.A.,,1,Luna Bosch Cepeda S.A.
620,ANYNHROE,NL35YLKR6242058294,HR,Ramirez y asociados S.Com.,Pasadizo de Máxima Cisneros 20 Apt.  90  Melilla-03753,1,Ramirez y asociados S.Com.
621,ANYNHROE,NL35YLKR6242058294,HR,Ramirez y asociados S.Com.,Pasadizo de Máxima Cisneros 20 Apt.03753-Melilla  Spain,1,Ramirez y asociados S.Com.
622,TRFYFIAA,GB51XSJH55779830196375,FI,Cavalcanti Correia - ME,,0,Cavalcanti Correia - ME
623,TRFYFIAA,GB51XSJH55779830196375,FI,Cavalcanti .Correia   ME S.P.A.,,0,Cavalcanti Correia - ME
624,PWCFPRRP,GB64KLUJ44593709864144,PR,Antonello-Cerutti e figli,,1,Antonello-Cerutti e figli
625,PWCFPRRP,GB64KLUJ44593709864144,PR,Antonello Cerutti e figli,,1,Antonello-Cerutti e figli
626,PWCFPRRP,GB64KLUJ44593709864144,PR,Antonello - Cerutti-e figli,,1,Antonello-Cerutti e figli
627,PWCFPRRP,GB64KLUJ44593709864144,PR,Antonello Cerutti e figli,,1,Antonello-Cerutti e figli
628,PWCFPRRP,GB64KLUJ44593709864144,PR,Antonello .Cerutti e.figli,/  /,1,Antonello-Cerutti e figli
629,PWCFPRRP,GB64KLUJ44593709864144,PR,Antonello Cerutti e figli,,1,Antonello-Cerutti e figli
630,PWCFPRRP,GB64KLUJ44593709864144,PR,"Bonatti, Mortati e Gozzi s.r.l.",#,1,"Bonatti, Mortati e Gozzi s.r.l."
631,PWCFPRRP,GB64KLUJ44593709864144,PR,"Bonatti,- Mortati e Gozzi SRL",38073  Vigo Cavedine,1,"Bonatti, Mortati e Gozzi s.r.l."
632,PWCFPRRP,GB64KLUJ44593709864144,PR,"Bonatti, Mortati e Gozzi S r l",,1,"Bonatti, Mortati e Gozzi s.r.l."
633,PWCFPRRP,GB64KLUJ44593709864144,PR,"Bonatti, Mortati e Gozzi  S.r.l.",,1,"Bonatti, Mortati e Gozzi s.r.l."
634,PWCFPRRP,GB64KLUJ44593709864144,PR,"Bonatti, Mortati-e Gozzi/",,1,"Bonatti, Mortati e Gozzi s.r.l."
635,PWCFPRRP,GB64KLUJ44593709864144,PR,"Bonatti, Mortati e  Gozzi",Via Arnaldo  Vigo Cavedine TN/IT,1,"Bonatti, Mortati e Gozzi s.r.l."
636,PWCFPRRP,GB64KLUJ44593709864144,PR,"Bonatti, Mortati e- Gozzi",Via Arnaldo 84 38073 Vigo Cavedine  TN,1,"Bonatti, Mortati e Gozzi s.r.l."
637,PWCFPRRP,GB64KLUJ44593709864144,PR,"Bonatti, Mortati e Gozzi SRL",,1,"Bonatti, Mortati e Gozzi s.r.l."
638,PWCFPRRP,GB64KLUJ44593709864144,PR,"Bonatti, Mortati e Gozzi S r l",,1,"Bonatti, Mortati e Gozzi s.r.l."
639,PWCFPRRP,GB64KLUJ44593709864144,PR,"Bonatti, Mortati e Gozzi S.r.L",,1,"Bonatti, Mortati e Gozzi s.r.l."
640,PWCFPRRP,GB64KLUJ44593709864144,PR,"Bonatti, Mortati  e SRL",Vigo Cavedine,1,"Bonatti, Mortati e Gozzi s.r.l."
641,PWCFPRRP,GB64KLUJ44593709864144,PR,"Bonatti, Mortati e Gozzi S.r.l.",,1,"Bonatti, Mortati e Gozzi s.r.l."
642,PWCFPRRP,GB64KLUJ44593709864144,PR,"Bonatti, Mortati e Gozzi S.R.L.",38073 Vigo Cavedine,1,"Bonatti, Mortati e Gozzi s.r.l."
643,PWCFPRRP,GB64KLUJ44593709864144,PR,"Bonatti, Mortati e Gozzi SRL",,1,"Bonatti, Mortati e Gozzi s.r.l."
644,PWCFPRRP,GB64KLUJ44593709864144,PR,"Bonatti, Mortati  e Gozzi","Via ArnaldoVigo Cavedine,(TN) Italia",1,"Bonatti, Mortati e Gozzi s.r.l."
645,PWCFPRRP,GB64KLUJ44593709864144,PR,"Bonatti, Mortati e- Gozzi",Italia,1,"Bonatti, Mortati e Gozzi s.r.l."
646,PWCFPRRP,GB64KLUJ44593709864144,PR,"Bonatti, Mortati e Gozzi S.R.L.",,1,"Bonatti, Mortati e Gozzi s.r.l."
647,PWCFPRRP,GB64KLUJ44593709864144,PR,"Bonatti, Mortati Gozzi",,1,"Bonatti, Mortati e Gozzi s.r.l."
648,PWCFPRRP,GB64KLUJ44593709864144,PR,"Bonatti, Mortati e Gozzi",Itaia,1,"Bonatti, Mortati e Gozzi s.r.l."
649,FBZUHRSA,GB26YDEW80662353582294,HR,Souza - ME,Aeroporto Nogueira GOAcaiaca/GO BR,0,Souza - ME
650,FBZUHRSA,GB26YDEW80662353582294,HR,Souza  -  ME LTD. ,"Aeroporto Nogueira Acaiaca/16025-559 Campos de Fogaça,GO",0,Souza - ME
651,KXBMNPXB,NL62AENQ2903955304,NP,Johnson LLC,Jordan squae  64/Edwardsborough United Kingdom,0,Johnson LLC
652,KXBMNPXB,NL62AENQ2903955304,NP,Johnson Public Limited Company - Pvt. Ltd.,,0,Johnson LLC
653,QVRGMHEB,IT44I1932271735212772471394,MH,Morris Ltd,// //,0,Morris Ltd
654,QVRGMHEB,IT44I1932271735212772471394,MH,Morris Ltée S.a,,0,Morris Ltd
655,VLYDPNLX,DE15204337678189759441,PN,"Smith, Khan and James",Hollyborough,0,"Smith, Khan and James"
656,VLYDPNLX,DE15204337678189759441,PN,"Smith, Khan",Melanie dale1 Hollyborough  United Kingdom,0,"Smith, Khan and James"
